insert into `huertos` (IdHuerto, UsuarioPropietario, Localización, NombreHuerto) values (1, 4, 'terraza', 'Dallas');
insert into `huertos` (IdHuerto, UsuarioPropietario, Localización, NombreHuerto) values (2, 4, 'patio', 'Millisent');
insert into `huertos` (IdHuerto, UsuarioPropietario, Localización, NombreHuerto) values (3, 4, 'terraza', 'Artur');
insert into `huertos` (IdHuerto, UsuarioPropietario, Localización, NombreHuerto) values (4, 4, 'baño', 'Ebba');
insert into `huertos` (IdHuerto, UsuarioPropietario, Localización, NombreHuerto) values (5, 5, 'habitación 1', 'Tina');
insert into `huertos` (IdHuerto, UsuarioPropietario, Localización, NombreHuerto) values (6, 6, 'pasillo', 'Melanie');
insert into `huertos` (IdHuerto, UsuarioPropietario, Localización, NombreHuerto) values (7, 7, 'patio', 'Chantalle');
INSERT INTO `roles` (`IdRol`,`Rol`) VALUES (1,'Administrador');
INSERT INTO `roles` (`IdRol`,`Rol`) VALUES (2,'Comercial');
INSERT INTO `roles` (`IdRol`,`Rol`) VALUES (3,'Tecnico');
INSERT INTO `roles` (`IdRol`,`Rol`) VALUES (4,'Usuario');
INSERT INTO `usuarios` (`IdUsuario`,`Rol`,`Nombre`,`Contraseña`,`email`,`Dirección`,`UserName`,`Teléfono`,`DNI`,`solicitudes_idSolicitudes`) VALUES (1,1,'Javier','1234','javierruperez13@gamil.com','Avenida del Suspenso Nº69','jrupmir',666666666,789456123,1);
INSERT INTO `usuarios` (`IdUsuario`,`Rol`,`Nombre`,`Contraseña`,`email`,`Dirección`,`UserName`,`Teléfono`,`DNI`,`solicitudes_idSolicitudes`) VALUES (2,2,'Alex','1234','alex@gmail.com','Avenida del suspenso Nº69','alesc',666666666,987456123,2);
INSERT INTO `usuarios` (`IdUsuario`,`Rol`,`Nombre`,`Contraseña`,`email`,`Dirección`,`UserName`,`Teléfono`,`DNI`,`solicitudes_idSolicitudes`) VALUES (3,3,'Alberto','1234','alberto@gmail.com','Avenida del suspenso Nº69','apermo',666666666,456789123,3);
INSERT INTO `usuarios` (`IdUsuario`,`Rol`,`Nombre`,`Contraseña`,`email`,`Dirección`,`UserName`,`Teléfono`,`DNI`,`solicitudes_idSolicitudes`) VALUES (4,4,'Cesar','1234','cesar@gmail.com','Avenida del suspenso Nº69','chersan',666666666,123456789,4);
INSERT INTO `usuarios` (`IdUsuario`,`Rol`,`Nombre`,`Contraseña`,`email`,`Dirección`,`UserName`,`Teléfono`,`DNI`,`solicitudes_idSolicitudes`) VALUES (5,1,'Hugo','1234','hugo@gmail.com','Avenida del suspenso Nº69','hbelda',666666666,321654987,5);
INSERT INTO `usuarios` (`IdUsuario`,`Rol`,`Nombre`,`Contraseña`,`email`,`Dirección`,`UserName`,`Teléfono`,`DNI`,`solicitudes_idSolicitudes`) VALUES (6,4,'Lucia','1234','lucia@gmail.com','Avenida del suspenso Nº69','lpreseg',666666666,147852963,6);
INSERT INTO `usuarios` (`IdUsuario`,`Rol`,`Nombre`,`Contraseña`,`email`,`Dirección`,`UserName`,`Teléfono`,`DNI`,`solicitudes_idSolicitudes`) VALUES (7,4,'Oscar','1234','oscar@gmail.com','Avenida del suspenso Nº69','oshao',666666666,369852147,7);
INSERT INTO `sondas` (`IdSonda`,`NumHuerto`,`Localización`) VALUES (1,1,'carrer la hostia patxi');
INSERT INTO `sondas` (`IdSonda`,`NumHuerto`,`Localización`) VALUES (2,2,'carrer la hostia patxi');
INSERT INTO `sondas` (`IdSonda`,`NumHuerto`,`Localización`) VALUES (3,3,'carrer la hostia patxi');
INSERT INTO `sondas` (`IdSonda`,`NumHuerto`,`Localización`) VALUES (4,4,'carrer la hostia patxi');
INSERT INTO `sondas` (`IdSonda`,`NumHuerto`,`Localización`) VALUES (5,5,'carrer la hostia patxi');
INSERT INTO `sondas` (`IdSonda`,`NumHuerto`,`Localización`) VALUES (6,6,'carrer la hostia patxi');
INSERT INTO `sondas` (`IdSonda`,`NumHuerto`,`Localización`) VALUES (7,7,'carrer la hostia patxi');
INSERT INTO `sensores` (`IdSensor`,`idMediciones`,`Unidades`,`NumSonda`,`TipoSensor`,`Estado`) VALUES (1,1,1,1,1,'OK');
INSERT INTO `sensores` (`IdSensor`,`idMediciones`,`Unidades`,`NumSonda`,`TipoSensor`,`Estado`) VALUES (2,2,2,2,2,'OK');
INSERT INTO `sensores` (`IdSensor`,`idMediciones`,`Unidades`,`NumSonda`,`TipoSensor`,`Estado`) VALUES (3,3,3,3,3,'OK');
INSERT INTO `sensores` (`IdSensor`,`idMediciones`,`Unidades`,`NumSonda`,`TipoSensor`,`Estado`) VALUES (4,4,4,4,4,'OK');
INSERT INTO `sensores` (`IdSensor`,`idMediciones`,`Unidades`,`NumSonda`,`TipoSensor`,`Estado`) VALUES (5,5,5,5,5,'OK');
INSERT INTO `sensores` (`IdSensor`,`idMediciones`,`Unidades`,`NumSonda`,`TipoSensor`,`Estado`) VALUES (6,6,1,1,1,'OK');
INSERT INTO `sensores` (`IdSensor`,`idMediciones`,`Unidades`,`NumSonda`,`TipoSensor`,`Estado`) VALUES (7,7,2,2,2,'OK');
INSERT INTO `sensores` (`IdSensor`,`idMediciones`,`Unidades`,`NumSonda`,`TipoSensor`,`Estado`) VALUES (8,8,3,3,3,'OK');
INSERT INTO `sensores` (`IdSensor`,`idMediciones`,`Unidades`,`NumSonda`,`TipoSensor`,`Estado`) VALUES (9,9,4,4,4,'OK');
INSERT INTO `sensores` (`IdSensor`,`idMediciones`,`Unidades`,`NumSonda`,`TipoSensor`,`Estado`) VALUES (10,10,5,5,5,'OK');
INSERT INTO `tipossensores` (`IdTipoSensor`,`TipoSensor`) VALUES (1,'Sal');
INSERT INTO `tipossensores` (`IdTipoSensor`,`TipoSensor`) VALUES (2,'PH');
INSERT INTO `tipossensores` (`IdTipoSensor`,`TipoSensor`) VALUES (3,'Humedad');
INSERT INTO `tipossensores` (`IdTipoSensor`,`TipoSensor`) VALUES (4,'Luz');
INSERT INTO `tipossensores` (`IdTipoSensor`,`TipoSensor`) VALUES (5,'Temperatura');
INSERT INTO `mediciones` (`idMediciones`,`fecha`,`Medida`) VALUES (1,'2022-03-01 00:00:00',15.80);
INSERT INTO `mediciones` (`idMediciones`,`fecha`,`Medida`) VALUES (2,'2022-04-01 00:00:00',7.00);
INSERT INTO `mediciones` (`idMediciones`,`fecha`,`Medida`) VALUES (3,'2022-05-01 00:00:00',50.00);
INSERT INTO `mediciones` (`idMediciones`,`fecha`,`Medida`) VALUES (4,'2022-06-01 00:00:00',200.00);
INSERT INTO `mediciones` (`idMediciones`,`fecha`,`Medida`) VALUES (5,'2022-07-01 00:00:00',19.00);
INSERT INTO `mediciones` (`idMediciones`,`fecha`,`Medida`) VALUES (6,'2022-08-01 00:00:00',11.00);
INSERT INTO `mediciones` (`idMediciones`,`fecha`,`Medida`) VALUES (7,'2022-09-01 00:00:00',9.00);
INSERT INTO `mediciones` (`idMediciones`,`fecha`,`Medida`) VALUES (8,'2022-10-01 00:00:00',75.00);
INSERT INTO `mediciones` (`idMediciones`,`fecha`,`Medida`) VALUES (9,'2022-11-01 00:00:00',300.00);
INSERT INTO `mediciones` (`idMediciones`,`fecha`,`Medida`) VALUES (10,'2022-12-01 00:00:00',22.50);
INSERT INTO `unidades` (`IdUnidades`,`Unidad`) VALUES (1,'g/L');
INSERT INTO `unidades` (`IdUnidades`,`Unidad`) VALUES (2,'ph');
INSERT INTO `unidades` (`IdUnidades`,`Unidad`) VALUES (3,'%');
INSERT INTO `unidades` (`IdUnidades`,`Unidad`) VALUES (4,'Lúmenes');
INSERT INTO `unidades` (`IdUnidades`,`Unidad`) VALUES (5,'ºC');
INSERT INTO `incidencias` (`IdIncidencias`,`TipoIncidencia`,`NivelGravedad`,`Descripción`,`NumSensor`,`Estado`,`FechaIni`,`FechaFin`) VALUES (1,'1',5,'Ve rezando lo que sepas',1,'DEAD','2022-05-30 00:00:00','2022-06-03 00:00:00');
INSERT INTO `incidencias` (`IdIncidencias`,`TipoIncidencia`,`NivelGravedad`,`Descripción`,`NumSensor`,`Estado`,`FechaIni`,`FechaFin`) VALUES (2,'2',5,'Ve rezando lo que sepas',2,'DEAD','2022-06-09 00:00:00','2022-07-09 00:00:00');
INSERT INTO `incidencias` (`IdIncidencias`,`TipoIncidencia`,`NivelGravedad`,`Descripción`,`NumSensor`,`Estado`,`FechaIni`,`FechaFin`) VALUES (3,'3',2,'cable roto',3,'En proceso','2022-09-14 14:22:11','2022-01-25 00:00:00');
INSERT INTO `incidencias` (`IdIncidencias`,`TipoIncidencia`,`NivelGravedad`,`Descripción`,`NumSensor`,`Estado`,`FechaIni`,`FechaFin`) VALUES (4,'4',1,'Descalibrado',4,'Terminada','2022-04-15 13:25:42','2022-04-18 13:25:42');
INSERT INTO `nivelgravedad` (`IdNivelGravedad`,`Valor`) VALUES (1,'leve');
INSERT INTO `nivelgravedad` (`IdNivelGravedad`,`Valor`) VALUES (2,'grave');
INSERT INTO `nivelgravedad` (`IdNivelGravedad`,`Valor`) VALUES (3,'muy grave');
INSERT INTO `nivelgravedad` (`IdNivelGravedad`,`Valor`) VALUES (4,'crítico');
INSERT INTO `nivelgravedad` (`IdNivelGravedad`,`Valor`) VALUES (5,'ponte a llorar');