SET @OLD_UNIQUE_CHECKS=@@UNIQUE_CHECKS, UNIQUE_CHECKS=0;
SET @OLD_FOREIGN_KEY_CHECKS=@@FOREIGN_KEY_CHECKS, FOREIGN_KEY_CHECKS=0;
SET @OLD_SQL_MODE=@@SQL_MODE, SQL_MODE='ONLY_FULL_GROUP_BY,STRICT_TRANS_TABLES,NO_ZERO_IN_DATE,NO_ZERO_DATE,ERROR_FOR_DIVISION_BY_ZERO,NO_ENGINE_SUBSTITUTION';

INSERT INTO `roles` (`IdRol`,`Rol`) VALUES (1,'Administrador');
INSERT INTO `roles` (`IdRol`,`Rol`) VALUES (2,'Comercial');
INSERT INTO `roles` (`IdRol`,`Rol`) VALUES (3,'Tecnico');
INSERT INTO `roles` (`IdRol`,`Rol`) VALUES (4,'Usuario');
INSERT INTO `usuarios` (`IdUsuario`,`Rol`,`Nombre`,`Contraseña`,`email`,`Dirección`,`UserName`,`Teléfono`,`DNI`) VALUES (1,1,'Javier','1234','javierruperez13@gamil.com','Avenida del Suspenso Nº69','jrupmir','666666666','789456123N');
INSERT INTO `usuarios` (`IdUsuario`,`Rol`,`Nombre`,`Contraseña`,`email`,`Dirección`,`UserName`,`Teléfono`,`DNI`) VALUES (2,2,'Alex','1234','alex@gmail.com','Avenida del suspenso Nº69','alesc','666666666','987456123K');
INSERT INTO `usuarios` (`IdUsuario`,`Rol`,`Nombre`,`Contraseña`,`email`,`Dirección`,`UserName`,`Teléfono`,`DNI`) VALUES (3,3,'Alberto','1234','alberto@gmail.com','Avenida del suspenso Nº69','apermo','666666666','456789123S');
INSERT INTO `usuarios` (`IdUsuario`,`Rol`,`Nombre`,`Contraseña`,`email`,`Dirección`,`UserName`,`Teléfono`,`DNI`) VALUES (4,4,'Cesar','1234','cesar@gmail.com','Avenida del suspenso Nº69','chersan','666666666','123456789B');
INSERT INTO `usuarios` (`IdUsuario`,`Rol`,`Nombre`,`Contraseña`,`email`,`Dirección`,`UserName`,`Teléfono`,`DNI`) VALUES (5,1,'Hugo','1234','hugo@gmail.com','Avenida del suspenso Nº69','hbelda','666666666','321654987X');
INSERT INTO `usuarios` (`IdUsuario`,`Rol`,`Nombre`,`Contraseña`,`email`,`Dirección`,`UserName`,`Teléfono`,`DNI`) VALUES (6,4,'Lucia','1234','lucia@gmail.com','Avenida del suspenso Nº69','lpreseg','666666666','147852963Q');
INSERT INTO `usuarios` (`IdUsuario`,`Rol`,`Nombre`,`Contraseña`,`email`,`Dirección`,`UserName`,`Teléfono`,`DNI`) VALUES (7,4,'Oscar','1234','oscar@gmail.com','Avenida del suspenso Nº69','oshao','666666666','369852147A');
INSERT INTO `usuarios` (`IdUsuario`,`Rol`,`Nombre`,`Contraseña`,`email`,`Dirección`,`UserName`,`Teléfono`,`DNI`) VALUES (21,4,'Laureano','1234','laureano@gmail.com','Avenida del suspenso Nº69','laur','666666666','753869421P');
INSERT INTO `usuarios` (`IdUsuario`,`Rol`,`Nombre`,`Contraseña`,`email`,`Dirección`,`UserName`,`Teléfono`,`DNI`) VALUES (22,4,'Leovigildo','1234','elleo@gmal.com','Avenida del visigodo Nº13','elleo','666666666','142753869E');
INSERT INTO `usuarios` (`IdUsuario`,`Rol`,`Nombre`,`Contraseña`,`email`,`Dirección`,`UserName`,`Teléfono`,`DNI`) VALUES (23,4,'Teovaldo','1234','elteo@gmail.com','Avenida del visigodo Nº13','elteo','666666666','654789342L');
INSERT INTO `usuarios` (`IdUsuario`,`Rol`,`Nombre`,`Contraseña`,`email`,`Dirección`,`UserName`,`Teléfono`,`DNI`) VALUES (24,4,'Luffy','1234','luffy@gmail.com','Mascaron del thousand sunny Nº1','elmugy','147528934','687459321P');
INSERT INTO `usuarios` (`IdUsuario`,`Rol`,`Nombre`,`Contraseña`,`email`,`Dirección`,`UserName`,`Teléfono`,`DNI`) VALUES (30,4,'Felicidad Jiménez','1234','felijim@gamil.com','Calle de la amargura 123','desjim','123456789','20962032');
INSERT INTO `huertos` (`IdHuerto`,`UsuarioPropietario`,`Localización`,`NombreHuerto`) VALUES (1,4,'terraza','Dallas');
INSERT INTO `huertos` (`IdHuerto`,`UsuarioPropietario`,`Localización`,`NombreHuerto`) VALUES (2,4,'patio','Millisent');
INSERT INTO `huertos` (`IdHuerto`,`UsuarioPropietario`,`Localización`,`NombreHuerto`) VALUES (3,4,'terraza','Artur');
INSERT INTO `huertos` (`IdHuerto`,`UsuarioPropietario`,`Localización`,`NombreHuerto`) VALUES (4,4,'baño','Ebba');
INSERT INTO `huertos` (`IdHuerto`,`UsuarioPropietario`,`Localización`,`NombreHuerto`) VALUES (5,5,'habitación 1','Tina');
INSERT INTO `huertos` (`IdHuerto`,`UsuarioPropietario`,`Localización`,`NombreHuerto`) VALUES (6,6,'pasillo','Melanie');
INSERT INTO `huertos` (`IdHuerto`,`UsuarioPropietario`,`Localización`,`NombreHuerto`) VALUES (7,7,'patio','Chantalle');
INSERT INTO `huertos` (`IdHuerto`,`UsuarioPropietario`,`Localización`,`NombreHuerto`) VALUES (21,21,'castillo1','charlie1');
INSERT INTO `huertos` (`IdHuerto`,`UsuarioPropietario`,`Localización`,`NombreHuerto`) VALUES (22,22,'castillo2','eden');
INSERT INTO `huertos` (`IdHuerto`,`UsuarioPropietario`,`Localización`,`NombreHuerto`) VALUES (23,23,'terraza','eden');
INSERT INTO `huertos` (`IdHuerto`,`UsuarioPropietario`,`Localización`,`NombreHuerto`) VALUES (24,24,'patio','merry');
INSERT INTO `huertos` (`IdHuerto`,`UsuarioPropietario`,`Localización`,`NombreHuerto`) VALUES (25,24,'atico','chopper');
INSERT INTO `huertos` (`IdHuerto`,`UsuarioPropietario`,`Localización`,`NombreHuerto`) VALUES (26,24,'pasillo','patitodegoma');
INSERT INTO `huertos` (`IdHuerto`,`UsuarioPropietario`,`Localización`,`NombreHuerto`) VALUES (27,24,'salon','relax');
INSERT INTO `sondas` (`IdSonda`,`NumHuerto`,`Localización`) VALUES (1,1,'ventana');
INSERT INTO `sondas` (`IdSonda`,`NumHuerto`,`Localización`) VALUES (2,2,'techo');
INSERT INTO `sondas` (`IdSonda`,`NumHuerto`,`Localización`) VALUES (3,3,'mueble');
INSERT INTO `sondas` (`IdSonda`,`NumHuerto`,`Localización`) VALUES (4,4,'ventana');
INSERT INTO `sondas` (`IdSonda`,`NumHuerto`,`Localización`) VALUES (5,5,'techo');
INSERT INTO `sondas` (`IdSonda`,`NumHuerto`,`Localización`) VALUES (6,6,'maceta');
INSERT INTO `sondas` (`IdSonda`,`NumHuerto`,`Localización`) VALUES (7,7,'maceta');
INSERT INTO `sondas` (`IdSonda`,`NumHuerto`,`Localización`) VALUES (21,1,'maceta');
INSERT INTO `sondas` (`IdSonda`,`NumHuerto`,`Localización`) VALUES (22,2,'techo');
INSERT INTO `sondas` (`IdSonda`,`NumHuerto`,`Localización`) VALUES (23,3,'ventana');
INSERT INTO `sondas` (`IdSonda`,`NumHuerto`,`Localización`) VALUES (24,4,'mueble');
INSERT INTO `sondas` (`IdSonda`,`NumHuerto`,`Localización`) VALUES (25,5,'mueble');
INSERT INTO `sondas` (`IdSonda`,`NumHuerto`,`Localización`) VALUES (26,6,'techo');
INSERT INTO `sondas` (`IdSonda`,`NumHuerto`,`Localización`) VALUES (27,7,'ventana');
INSERT INTO `sondas` (`IdSonda`,`NumHuerto`,`Localización`) VALUES (28,21,'mueble');
INSERT INTO `sondas` (`IdSonda`,`NumHuerto`,`Localización`) VALUES (29,21,'techo');
INSERT INTO `sondas` (`IdSonda`,`NumHuerto`,`Localización`) VALUES (30,22,'ventana');
INSERT INTO `sondas` (`IdSonda`,`NumHuerto`,`Localización`) VALUES (31,22,'mueble');
INSERT INTO `sondas` (`IdSonda`,`NumHuerto`,`Localización`) VALUES (32,23,'mueble');
INSERT INTO `sondas` (`IdSonda`,`NumHuerto`,`Localización`) VALUES (33,23,'ventana');
INSERT INTO `sondas` (`IdSonda`,`NumHuerto`,`Localización`) VALUES (34,24,'techo');
INSERT INTO `sondas` (`IdSonda`,`NumHuerto`,`Localización`) VALUES (35,24,'ventana');
INSERT INTO `sondas` (`IdSonda`,`NumHuerto`,`Localización`) VALUES (36,25,'mueble');
INSERT INTO `sondas` (`IdSonda`,`NumHuerto`,`Localización`) VALUES (37,25,'techo');
INSERT INTO `sondas` (`IdSonda`,`NumHuerto`,`Localización`) VALUES (38,26,'maceta');
INSERT INTO `sondas` (`IdSonda`,`NumHuerto`,`Localización`) VALUES (39,26,'maceta');
INSERT INTO `sondas` (`IdSonda`,`NumHuerto`,`Localización`) VALUES (40,27,'mueble');
INSERT INTO `sondas` (`IdSonda`,`NumHuerto`,`Localización`) VALUES (41,27,'maceta');
INSERT INTO `sondas` (`IdSonda`,`NumHuerto`,`Localización`) VALUES (42,21,'mueble');
INSERT INTO `sondas` (`IdSonda`,`NumHuerto`,`Localización`) VALUES (43,21,'techo');
INSERT INTO `sondas` (`IdSonda`,`NumHuerto`,`Localización`) VALUES (44,22,'ventana');
INSERT INTO `sondas` (`IdSonda`,`NumHuerto`,`Localización`) VALUES (45,22,'mueble');
INSERT INTO `sondas` (`IdSonda`,`NumHuerto`,`Localización`) VALUES (46,23,'mueble');
INSERT INTO `sondas` (`IdSonda`,`NumHuerto`,`Localización`) VALUES (47,23,'ventana');
INSERT INTO `sondas` (`IdSonda`,`NumHuerto`,`Localización`) VALUES (48,24,'techo');
INSERT INTO `sondas` (`IdSonda`,`NumHuerto`,`Localización`) VALUES (49,24,'ventana');
INSERT INTO `sondas` (`IdSonda`,`NumHuerto`,`Localización`) VALUES (50,25,'mueble');
INSERT INTO `sondas` (`IdSonda`,`NumHuerto`,`Localización`) VALUES (51,25,'techo');
INSERT INTO `sondas` (`IdSonda`,`NumHuerto`,`Localización`) VALUES (52,26,'maceta');
INSERT INTO `sondas` (`IdSonda`,`NumHuerto`,`Localización`) VALUES (53,26,'maceta');
INSERT INTO `sondas` (`IdSonda`,`NumHuerto`,`Localización`) VALUES (54,27,'mueble');
INSERT INTO `sondas` (`IdSonda`,`NumHuerto`,`Localización`) VALUES (55,27,'maceta');
INSERT INTO `sensores` (`IdSensor`,`NumSonda`,`Estado`,`IdTipoSensor`) VALUES (1,1,'OK',1);
INSERT INTO `sensores` (`IdSensor`,`NumSonda`,`Estado`,`IdTipoSensor`) VALUES (2,2,'OK',2);
INSERT INTO `sensores` (`IdSensor`,`NumSonda`,`Estado`,`IdTipoSensor`) VALUES (3,3,'OK',3);
INSERT INTO `sensores` (`IdSensor`,`NumSonda`,`Estado`,`IdTipoSensor`) VALUES (4,4,'OK',4);
INSERT INTO `sensores` (`IdSensor`,`NumSonda`,`Estado`,`IdTipoSensor`) VALUES (5,5,'OK',5);
INSERT INTO `sensores` (`IdSensor`,`NumSonda`,`Estado`,`IdTipoSensor`) VALUES (6,1,'OK',1);
INSERT INTO `sensores` (`IdSensor`,`NumSonda`,`Estado`,`IdTipoSensor`) VALUES (7,2,'OK',2);
INSERT INTO `sensores` (`IdSensor`,`NumSonda`,`Estado`,`IdTipoSensor`) VALUES (8,3,'OK',3);
INSERT INTO `sensores` (`IdSensor`,`NumSonda`,`Estado`,`IdTipoSensor`) VALUES (9,4,'OK',4);
INSERT INTO `sensores` (`IdSensor`,`NumSonda`,`Estado`,`IdTipoSensor`) VALUES (10,5,'OK',5);
INSERT INTO `sensores` (`IdSensor`,`NumSonda`,`Estado`,`IdTipoSensor`) VALUES (41,6,'OK',1);
INSERT INTO `sensores` (`IdSensor`,`NumSonda`,`Estado`,`IdTipoSensor`) VALUES (42,7,'OK',2);
INSERT INTO `sensores` (`IdSensor`,`NumSonda`,`Estado`,`IdTipoSensor`) VALUES (43,21,'OK',2);
INSERT INTO `sensores` (`IdSensor`,`NumSonda`,`Estado`,`IdTipoSensor`) VALUES (44,22,'OK',3);
INSERT INTO `sensores` (`IdSensor`,`NumSonda`,`Estado`,`IdTipoSensor`) VALUES (45,23,'OK',4);
INSERT INTO `sensores` (`IdSensor`,`NumSonda`,`Estado`,`IdTipoSensor`) VALUES (46,24,'OK',5);
INSERT INTO `sensores` (`IdSensor`,`NumSonda`,`Estado`,`IdTipoSensor`) VALUES (47,25,'OK',1);
INSERT INTO `sensores` (`IdSensor`,`NumSonda`,`Estado`,`IdTipoSensor`) VALUES (48,26,'OK',2);
INSERT INTO `sensores` (`IdSensor`,`NumSonda`,`Estado`,`IdTipoSensor`) VALUES (49,27,'OK',3);
INSERT INTO `sensores` (`IdSensor`,`NumSonda`,`Estado`,`IdTipoSensor`) VALUES (50,28,'OK',4);
INSERT INTO `sensores` (`IdSensor`,`NumSonda`,`Estado`,`IdTipoSensor`) VALUES (51,29,'OK',5);
INSERT INTO `sensores` (`IdSensor`,`NumSonda`,`Estado`,`IdTipoSensor`) VALUES (52,30,'OK',1);
INSERT INTO `sensores` (`IdSensor`,`NumSonda`,`Estado`,`IdTipoSensor`) VALUES (53,31,'OK',2);
INSERT INTO `sensores` (`IdSensor`,`NumSonda`,`Estado`,`IdTipoSensor`) VALUES (54,32,'OK',3);
INSERT INTO `sensores` (`IdSensor`,`NumSonda`,`Estado`,`IdTipoSensor`) VALUES (55,33,'OK',4);
INSERT INTO `sensores` (`IdSensor`,`NumSonda`,`Estado`,`IdTipoSensor`) VALUES (56,34,'OK',5);
INSERT INTO `sensores` (`IdSensor`,`NumSonda`,`Estado`,`IdTipoSensor`) VALUES (57,35,'OK',1);
INSERT INTO `sensores` (`IdSensor`,`NumSonda`,`Estado`,`IdTipoSensor`) VALUES (58,36,'OK',2);
INSERT INTO `sensores` (`IdSensor`,`NumSonda`,`Estado`,`IdTipoSensor`) VALUES (59,37,'OK',3);
INSERT INTO `sensores` (`IdSensor`,`NumSonda`,`Estado`,`IdTipoSensor`) VALUES (60,38,'OK',4);
INSERT INTO `sensores` (`IdSensor`,`NumSonda`,`Estado`,`IdTipoSensor`) VALUES (61,39,'OK',5);
INSERT INTO `sensores` (`IdSensor`,`NumSonda`,`Estado`,`IdTipoSensor`) VALUES (62,40,'OK',1);
INSERT INTO `sensores` (`IdSensor`,`NumSonda`,`Estado`,`IdTipoSensor`) VALUES (63,41,'OK',2);
INSERT INTO `sensores` (`IdSensor`,`NumSonda`,`Estado`,`IdTipoSensor`) VALUES (64,42,'OK',3);
INSERT INTO `sensores` (`IdSensor`,`NumSonda`,`Estado`,`IdTipoSensor`) VALUES (65,43,'OK',4);
INSERT INTO `sensores` (`IdSensor`,`NumSonda`,`Estado`,`IdTipoSensor`) VALUES (66,44,'OK',5);
INSERT INTO `sensores` (`IdSensor`,`NumSonda`,`Estado`,`IdTipoSensor`) VALUES (67,45,'OK',1);
INSERT INTO `sensores` (`IdSensor`,`NumSonda`,`Estado`,`IdTipoSensor`) VALUES (68,46,'OK',2);
INSERT INTO `sensores` (`IdSensor`,`NumSonda`,`Estado`,`IdTipoSensor`) VALUES (69,47,'OK',3);
INSERT INTO `sensores` (`IdSensor`,`NumSonda`,`Estado`,`IdTipoSensor`) VALUES (70,48,'OK',4);
INSERT INTO `sensores` (`IdSensor`,`NumSonda`,`Estado`,`IdTipoSensor`) VALUES (71,49,'OK',5);
INSERT INTO `sensores` (`IdSensor`,`NumSonda`,`Estado`,`IdTipoSensor`) VALUES (72,50,'OK',1);
INSERT INTO `sensores` (`IdSensor`,`NumSonda`,`Estado`,`IdTipoSensor`) VALUES (73,51,'OK',2);
INSERT INTO `sensores` (`IdSensor`,`NumSonda`,`Estado`,`IdTipoSensor`) VALUES (74,52,'OK',3);
INSERT INTO `sensores` (`IdSensor`,`NumSonda`,`Estado`,`IdTipoSensor`) VALUES (75,53,'OK',4);
INSERT INTO `sensores` (`IdSensor`,`NumSonda`,`Estado`,`IdTipoSensor`) VALUES (76,54,'OK',5);
INSERT INTO `sensores` (`IdSensor`,`NumSonda`,`Estado`,`IdTipoSensor`) VALUES (77,55,'OK',1);
INSERT INTO `EstadoIncidencia` (`idEstadoIncidencia`,`Valor Estado`) VALUES (1,'Pendiente');
INSERT INTO `EstadoIncidencia` (`idEstadoIncidencia`,`Valor Estado`) VALUES (2,'En proceso');
INSERT INTO `EstadoIncidencia` (`idEstadoIncidencia`,`Valor Estado`) VALUES (3,'Finalizado');
INSERT INTO `tipossensores` (`IdTipoSensor`,`TipoSensor`,`Unidades`) VALUES (1,'Sal','g/L');
INSERT INTO `tipossensores` (`IdTipoSensor`,`TipoSensor`,`Unidades`) VALUES (2,'PH','PH');
INSERT INTO `tipossensores` (`IdTipoSensor`,`TipoSensor`,`Unidades`) VALUES (3,'Humedad','%');
INSERT INTO `tipossensores` (`IdTipoSensor`,`TipoSensor`,`Unidades`) VALUES (4,'Luz','Lúmenes');
INSERT INTO `tipossensores` (`IdTipoSensor`,`TipoSensor`,`Unidades`) VALUES (5,'Temperatura','ºC');
INSERT INTO `TecnicoEncargado` (`IdIncidencias`,`idEstadoIncidencia`,`NivelGravedad`,`NumSensor`,`IdUsuario`,`Rol`) VALUES (1,1,4,1,3,3);
INSERT INTO `TecnicoEncargado` (`IdIncidencias`,`idEstadoIncidencia`,`NivelGravedad`,`NumSensor`,`IdUsuario`,`Rol`) VALUES (2,1,2,2,3,3);
INSERT INTO `TecnicoEncargado` (`IdIncidencias`,`idEstadoIncidencia`,`NivelGravedad`,`NumSensor`,`IdUsuario`,`Rol`) VALUES (3,2,4,3,3,3);
INSERT INTO `TecnicoEncargado` (`IdIncidencias`,`idEstadoIncidencia`,`NivelGravedad`,`NumSensor`,`IdUsuario`,`Rol`) VALUES (4,2,1,4,3,3);
INSERT INTO `TecnicoEncargado` (`IdIncidencias`,`idEstadoIncidencia`,`NivelGravedad`,`NumSensor`,`IdUsuario`,`Rol`) VALUES (5,3,1,5,3,3);
INSERT INTO `TecnicoEncargado` (`IdIncidencias`,`idEstadoIncidencia`,`NivelGravedad`,`NumSensor`,`IdUsuario`,`Rol`) VALUES (7,3,3,9,3,3);
INSERT INTO `incidencias` (`IdIncidencias`,`idEstadoIncidencia`,`TipoIncidencia`,`NivelGravedad`,`Descripción`,`NumSensor`,`FechaIni`,`FechaFin`) VALUES (1,1,'mecánica',4,'Ve rezando lo que sepas',1,'2022-05-30 00:00:00','2022-06-03 00:00:00');
INSERT INTO `incidencias` (`IdIncidencias`,`idEstadoIncidencia`,`TipoIncidencia`,`NivelGravedad`,`Descripción`,`NumSensor`,`FechaIni`,`FechaFin`) VALUES (2,1,'lógica',2,'Ve rezando lo que sepas',2,'2022-06-09 00:00:00','2022-07-09 00:00:00');
INSERT INTO `incidencias` (`IdIncidencias`,`idEstadoIncidencia`,`TipoIncidencia`,`NivelGravedad`,`Descripción`,`NumSensor`,`FechaIni`,`FechaFin`) VALUES (3,2,'mecánica',4,'cable roto',3,'2022-09-14 14:22:11','2022-01-25 00:00:00');
INSERT INTO `incidencias` (`IdIncidencias`,`idEstadoIncidencia`,`TipoIncidencia`,`NivelGravedad`,`Descripción`,`NumSensor`,`FechaIni`,`FechaFin`) VALUES (4,2,'lógica',1,'Descalibrado',4,'2022-04-15 13:25:42','2022-04-18 13:25:42');
INSERT INTO `incidencias` (`IdIncidencias`,`idEstadoIncidencia`,`TipoIncidencia`,`NivelGravedad`,`Descripción`,`NumSensor`,`FechaIni`,`FechaFin`) VALUES (5,3,'tonta',1,'cable desenchufado',5,'2023-01-01 17:58:41','2023-01-02 09:00:14');
INSERT INTO `incidencias` (`IdIncidencias`,`idEstadoIncidencia`,`TipoIncidencia`,`NivelGravedad`,`Descripción`,`NumSensor`,`FechaIni`,`FechaFin`) VALUES (6,1,'tonta',1,'cable desenchufado',8,'2022-07-07 15:39:45','2023-07-08 09:00:13');
INSERT INTO `incidencias` (`IdIncidencias`,`idEstadoIncidencia`,`TipoIncidencia`,`NivelGravedad`,`Descripción`,`NumSensor`,`FechaIni`,`FechaFin`) VALUES (7,3,'mecánica',3,'Sensor roto',9,'2023-02-25 19:36:47','2023-02-27 09:00:16');
INSERT INTO `nivelgravedad` (`IdNivelGravedad`,`Valor`) VALUES (1,'leve');
INSERT INTO `nivelgravedad` (`IdNivelGravedad`,`Valor`) VALUES (2,'grave');
INSERT INTO `nivelgravedad` (`IdNivelGravedad`,`Valor`) VALUES (3,'muy grave');
INSERT INTO `nivelgravedad` (`IdNivelGravedad`,`Valor`) VALUES (4,'crítico');
INSERT INTO `nivelgravedad` (`IdNivelGravedad`,`Valor`) VALUES (5,'Llamar a los bomberos');
INSERT INTO `mediciones` (`idMediciones`,`IdSensor`,`fecha`,`Medida`) VALUES (1,1,'2022-03-01 00:00:00',15.80);
INSERT INTO `mediciones` (`idMediciones`,`IdSensor`,`fecha`,`Medida`) VALUES (2,2,'2022-04-01 00:00:00',7.00);
INSERT INTO `mediciones` (`idMediciones`,`IdSensor`,`fecha`,`Medida`) VALUES (3,3,'2022-05-01 00:00:00',50.00);
INSERT INTO `mediciones` (`idMediciones`,`IdSensor`,`fecha`,`Medida`) VALUES (4,4,'2022-06-01 00:00:00',200.00);
INSERT INTO `mediciones` (`idMediciones`,`IdSensor`,`fecha`,`Medida`) VALUES (5,5,'2022-07-01 00:00:00',19.00);
INSERT INTO `mediciones` (`idMediciones`,`IdSensor`,`fecha`,`Medida`) VALUES (6,6,'2022-08-01 00:00:00',11.00);
INSERT INTO `mediciones` (`idMediciones`,`IdSensor`,`fecha`,`Medida`) VALUES (7,7,'2022-09-01 00:00:00',9.00);
INSERT INTO `mediciones` (`idMediciones`,`IdSensor`,`fecha`,`Medida`) VALUES (8,8,'2022-10-01 00:00:00',75.00);
INSERT INTO `mediciones` (`idMediciones`,`IdSensor`,`fecha`,`Medida`) VALUES (9,9,'2022-11-01 00:00:00',300.00);
INSERT INTO `mediciones` (`idMediciones`,`IdSensor`,`fecha`,`Medida`) VALUES (10,10,'2022-12-01 00:00:00',22.50);
INSERT INTO `mediciones` (`idMediciones`,`IdSensor`,`fecha`,`Medida`) VALUES (11,1,'2022-03-01 00:00:00',15.80);
INSERT INTO `mediciones` (`idMediciones`,`IdSensor`,`fecha`,`Medida`) VALUES (12,2,'2022-04-01 00:00:00',7.00);
INSERT INTO `mediciones` (`idMediciones`,`IdSensor`,`fecha`,`Medida`) VALUES (13,3,'2022-05-01 00:00:00',50.00);
INSERT INTO `mediciones` (`idMediciones`,`IdSensor`,`fecha`,`Medida`) VALUES (14,4,'2022-06-01 00:00:00',200.00);
INSERT INTO `mediciones` (`idMediciones`,`IdSensor`,`fecha`,`Medida`) VALUES (15,5,'2022-07-01 00:00:00',19.00);
INSERT INTO `mediciones` (`idMediciones`,`IdSensor`,`fecha`,`Medida`) VALUES (16,6,'2022-08-01 00:00:00',11.00);
INSERT INTO `mediciones` (`idMediciones`,`IdSensor`,`fecha`,`Medida`) VALUES (17,7,'2022-09-01 00:00:00',9.00);
INSERT INTO `mediciones` (`idMediciones`,`IdSensor`,`fecha`,`Medida`) VALUES (18,8,'2022-10-01 00:00:00',75.00);
INSERT INTO `mediciones` (`idMediciones`,`IdSensor`,`fecha`,`Medida`) VALUES (19,9,'2022-11-01 00:00:00',300.00);
INSERT INTO `mediciones` (`idMediciones`,`IdSensor`,`fecha`,`Medida`) VALUES (20,10,'2022-12-01 00:00:00',22.50);
INSERT INTO `mediciones` (`idMediciones`,`IdSensor`,`fecha`,`Medida`) VALUES (21,1,'2022-03-01 00:00:00',15.80);
INSERT INTO `mediciones` (`idMediciones`,`IdSensor`,`fecha`,`Medida`) VALUES (22,2,'2022-04-01 00:00:00',7.00);
INSERT INTO `mediciones` (`idMediciones`,`IdSensor`,`fecha`,`Medida`) VALUES (23,3,'2022-05-01 00:00:00',50.00);
INSERT INTO `mediciones` (`idMediciones`,`IdSensor`,`fecha`,`Medida`) VALUES (24,4,'2022-06-01 00:00:00',200.00);
INSERT INTO `mediciones` (`idMediciones`,`IdSensor`,`fecha`,`Medida`) VALUES (25,5,'2022-07-01 00:00:00',19.00);
INSERT INTO `mediciones` (`idMediciones`,`IdSensor`,`fecha`,`Medida`) VALUES (26,1,'2022-08-01 00:00:00',13.89);
INSERT INTO `mediciones` (`idMediciones`,`IdSensor`,`fecha`,`Medida`) VALUES (27,2,'2022-09-01 00:00:00',8.00);
INSERT INTO `mediciones` (`idMediciones`,`IdSensor`,`fecha`,`Medida`) VALUES (28,3,'2022-10-01 00:00:00',75.00);
INSERT INTO `mediciones` (`idMediciones`,`IdSensor`,`fecha`,`Medida`) VALUES (29,4,'2022-09-01 00:00:00',190.00);
INSERT INTO `mediciones` (`idMediciones`,`IdSensor`,`fecha`,`Medida`) VALUES (30,5,'2022-11-01 00:00:00',20.00);
INSERT INTO `mediciones` (`idMediciones`,`IdSensor`,`fecha`,`Medida`) VALUES (31,41,'2022-01-21 00:00:00',9.90);
INSERT INTO `mediciones` (`idMediciones`,`IdSensor`,`fecha`,`Medida`) VALUES (32,42,'2022-02-21 00:00:00',8.80);
INSERT INTO `mediciones` (`idMediciones`,`IdSensor`,`fecha`,`Medida`) VALUES (33,43,'2022-03-21 00:00:00',7.90);
INSERT INTO `mediciones` (`idMediciones`,`IdSensor`,`fecha`,`Medida`) VALUES (34,44,'2022-04-21 00:00:00',48.00);
INSERT INTO `mediciones` (`idMediciones`,`IdSensor`,`fecha`,`Medida`) VALUES (35,45,'2022-05-21 00:00:00',400.00);
INSERT INTO `mediciones` (`idMediciones`,`IdSensor`,`fecha`,`Medida`) VALUES (36,46,'2022-06-21 00:00:00',22.40);
INSERT INTO `mediciones` (`idMediciones`,`IdSensor`,`fecha`,`Medida`) VALUES (37,47,'2022-07-21 00:00:00',7.50);
INSERT INTO `mediciones` (`idMediciones`,`IdSensor`,`fecha`,`Medida`) VALUES (38,48,'2022-08-21 00:00:00',6.70);
INSERT INTO `mediciones` (`idMediciones`,`IdSensor`,`fecha`,`Medida`) VALUES (39,49,'2022-09-21 00:00:00',63.00);
INSERT INTO `mediciones` (`idMediciones`,`IdSensor`,`fecha`,`Medida`) VALUES (40,50,'2022-10-21 00:00:00',590.00);
INSERT INTO `mediciones` (`idMediciones`,`IdSensor`,`fecha`,`Medida`) VALUES (41,51,'2022-11-21 00:00:00',25.00);
INSERT INTO `mediciones` (`idMediciones`,`IdSensor`,`fecha`,`Medida`) VALUES (42,52,'2022-12-21 00:00:00',11.10);
INSERT INTO `mediciones` (`idMediciones`,`IdSensor`,`fecha`,`Medida`) VALUES (43,53,'2023-01-01 00:00:00',4.60);
INSERT INTO `mediciones` (`idMediciones`,`IdSensor`,`fecha`,`Medida`) VALUES (44,54,'2023-02-01 00:00:00',88.00);
INSERT INTO `mediciones` (`idMediciones`,`IdSensor`,`fecha`,`Medida`) VALUES (45,55,'2023-03-01 00:00:00',663.00);
INSERT INTO `mediciones` (`idMediciones`,`IdSensor`,`fecha`,`Medida`) VALUES (46,56,'2023-04-01 00:00:00',18.00);
INSERT INTO `mediciones` (`idMediciones`,`IdSensor`,`fecha`,`Medida`) VALUES (47,57,'2023-05-01 00:00:00',19.40);
INSERT INTO `mediciones` (`idMediciones`,`IdSensor`,`fecha`,`Medida`) VALUES (48,58,'2023-06-01 00:00:00',12.00);
INSERT INTO `mediciones` (`idMediciones`,`IdSensor`,`fecha`,`Medida`) VALUES (49,59,'2023-07-01 00:00:00',64.00);
INSERT INTO `mediciones` (`idMediciones`,`IdSensor`,`fecha`,`Medida`) VALUES (50,60,'2023-08-01 00:00:00',721.00);
INSERT INTO `mediciones` (`idMediciones`,`IdSensor`,`fecha`,`Medida`) VALUES (51,61,'2023-09-01 00:00:00',14.00);
INSERT INTO `mediciones` (`idMediciones`,`IdSensor`,`fecha`,`Medida`) VALUES (52,62,'2023-10-01 00:00:00',19.80);
INSERT INTO `mediciones` (`idMediciones`,`IdSensor`,`fecha`,`Medida`) VALUES (53,63,'2023-11-01 00:00:00',6.70);
INSERT INTO `mediciones` (`idMediciones`,`IdSensor`,`fecha`,`Medida`) VALUES (54,41,'2023-12-01 00:00:00',7.80);
INSERT INTO `mediciones` (`idMediciones`,`IdSensor`,`fecha`,`Medida`) VALUES (55,42,'2022-01-15 00:00:00',7.90);
INSERT INTO `mediciones` (`idMediciones`,`IdSensor`,`fecha`,`Medida`) VALUES (56,43,'2022-02-15 00:00:00',6.10);
INSERT INTO `mediciones` (`idMediciones`,`IdSensor`,`fecha`,`Medida`) VALUES (57,44,'2022-03-15 00:00:00',67.00);
INSERT INTO `mediciones` (`idMediciones`,`IdSensor`,`fecha`,`Medida`) VALUES (58,45,'2022-04-15 00:00:00',821.00);
INSERT INTO `mediciones` (`idMediciones`,`IdSensor`,`fecha`,`Medida`) VALUES (59,46,'2022-05-15 00:00:00',26.00);
INSERT INTO `mediciones` (`idMediciones`,`IdSensor`,`fecha`,`Medida`) VALUES (60,47,'2022-06-15 00:00:00',24.00);
INSERT INTO `mediciones` (`idMediciones`,`IdSensor`,`fecha`,`Medida`) VALUES (61,48,'2022-07-15 00:00:00',3.70);
INSERT INTO `mediciones` (`idMediciones`,`IdSensor`,`fecha`,`Medida`) VALUES (62,49,'2022-08-15 00:00:00',31.00);
INSERT INTO `mediciones` (`idMediciones`,`IdSensor`,`fecha`,`Medida`) VALUES (63,50,'2022-09-15 00:00:00',456.00);
INSERT INTO `mediciones` (`idMediciones`,`IdSensor`,`fecha`,`Medida`) VALUES (64,51,'2022-10-15 00:00:00',26.00);
INSERT INTO `mediciones` (`idMediciones`,`IdSensor`,`fecha`,`Medida`) VALUES (65,52,'2022-11-15 00:00:00',14.00);
INSERT INTO `mediciones` (`idMediciones`,`IdSensor`,`fecha`,`Medida`) VALUES (66,53,'2022-12-15 00:00:00',8.60);
INSERT INTO `mediciones` (`idMediciones`,`IdSensor`,`fecha`,`Medida`) VALUES (67,54,'2022-01-27 00:00:00',15.00);
INSERT INTO `mediciones` (`idMediciones`,`IdSensor`,`fecha`,`Medida`) VALUES (68,55,'2022-02-27 00:00:00',589.00);
INSERT INTO `mediciones` (`idMediciones`,`IdSensor`,`fecha`,`Medida`) VALUES (69,56,'2022-03-27 00:00:00',19.00);
INSERT INTO `mediciones` (`idMediciones`,`IdSensor`,`fecha`,`Medida`) VALUES (70,57,'2022-04-27 00:00:00',16.00);
INSERT INTO `mediciones` (`idMediciones`,`IdSensor`,`fecha`,`Medida`) VALUES (71,58,'2022-05-27 00:00:00',7.30);
INSERT INTO `mediciones` (`idMediciones`,`IdSensor`,`fecha`,`Medida`) VALUES (72,59,'2022-06-27 00:00:00',10.00);
INSERT INTO `mediciones` (`idMediciones`,`IdSensor`,`fecha`,`Medida`) VALUES (73,60,'2022-07-27 00:00:00',478.00);
INSERT INTO `mediciones` (`idMediciones`,`IdSensor`,`fecha`,`Medida`) VALUES (74,61,'2022-08-27 00:00:00',14.00);
INSERT INTO `mediciones` (`idMediciones`,`IdSensor`,`fecha`,`Medida`) VALUES (75,62,'2022-09-27 00:00:00',18.60);
INSERT INTO `mediciones` (`idMediciones`,`IdSensor`,`fecha`,`Medida`) VALUES (76,63,'2022-10-27 00:00:00',14.00);
INSERT INTO `mediciones` (`idMediciones`,`IdSensor`,`fecha`,`Medida`) VALUES (77,1,'2022-01-02 00:00:00',12.30);
INSERT INTO `mediciones` (`idMediciones`,`IdSensor`,`fecha`,`Medida`) VALUES (78,2,'2022-02-02 00:00:00',9.80);
INSERT INTO `mediciones` (`idMediciones`,`IdSensor`,`fecha`,`Medida`) VALUES (79,3,'2022-03-02 00:00:00',78.00);
INSERT INTO `mediciones` (`idMediciones`,`IdSensor`,`fecha`,`Medida`) VALUES (80,4,'2022-04-04 00:00:00',536.00);
INSERT INTO `mediciones` (`idMediciones`,`IdSensor`,`fecha`,`Medida`) VALUES (81,5,'2022-05-02 00:00:00',29.00);
INSERT INTO `mediciones` (`idMediciones`,`IdSensor`,`fecha`,`Medida`) VALUES (82,6,'2022-06-02 00:00:00',16.40);


SET SQL_MODE=@OLD_SQL_MODE;
SET FOREIGN_KEY_CHECKS=@OLD_FOREIGN_KEY_CHECKS;
SET UNIQUE_CHECKS=@OLD_UNIQUE_CHECKS;