SET @OLD_UNIQUE_CHECKS=@@UNIQUE_CHECKS, UNIQUE_CHECKS=0;
SET @OLD_FOREIGN_KEY_CHECKS=@@FOREIGN_KEY_CHECKS, FOREIGN_KEY_CHECKS=0;
SET @OLD_SQL_MODE=@@SQL_MODE, SQL_MODE='ONLY_FULL_GROUP_BY,STRICT_TRANS_TABLES,NO_ZERO_IN_DATE,NO_ZERO_DATE,ERROR_FOR_DIVISION_BY_ZERO,NO_ENGINE_SUBSTITUTION';

INSERT INTO `roles` (`IdRol`,`Rol`) VALUES (1,'Administrador');
INSERT INTO `roles` (`IdRol`,`Rol`) VALUES (2,'Comercial');
INSERT INTO `roles` (`IdRol`,`Rol`) VALUES (3,'Tecnico');
INSERT INTO `roles` (`IdRol`,`Rol`) VALUES (4,'Usuario');
INSERT INTO `usuarios` (`IdUsuario`,`Rol`,`Nombre`,`Contraseña`,`email`,`Dirección`,`UserName`,`Teléfono`,`DNI`) VALUES (1,1,'Javier','1234','javierruperez13@gamil.com','Avenida del Suspenso Nº69','jrupmir','666666666','789456123N');
INSERT INTO `usuarios` (`IdUsuario`,`Rol`,`Nombre`,`Contraseña`,`email`,`Dirección`,`UserName`,`Teléfono`,`DNI`) VALUES (2,2,'Alex','1234','alex@gmail.com','Avenida del suspenso Nº69','alesc','666666666','987456123K');
INSERT INTO `usuarios` (`IdUsuario`,`Rol`,`Nombre`,`Contraseña`,`email`,`Dirección`,`UserName`,`Teléfono`,`DNI`) VALUES (3,3,'Alberto','1234','alberto@gmail.com','Avenida del suspenso Nº69','apermo','666666666','456789123S');
INSERT INTO `usuarios` (`IdUsuario`,`Rol`,`Nombre`,`Contraseña`,`email`,`Dirección`,`UserName`,`Teléfono`,`DNI`) VALUES (4,4,'Cesar','1234','cesar@gmail.com','Avenida del suspenso Nº69','chersan','666666666','123456789B');
INSERT INTO `usuarios` (`IdUsuario`,`Rol`,`Nombre`,`Contraseña`,`email`,`Dirección`,`UserName`,`Teléfono`,`DNI`) VALUES (5,1,'Hugo','1234','hugo@gmail.com','Avenida del suspenso Nº69','hbelda','666666666','321654987X');
INSERT INTO `usuarios` (`IdUsuario`,`Rol`,`Nombre`,`Contraseña`,`email`,`Dirección`,`UserName`,`Teléfono`,`DNI`) VALUES (6,4,'Lucia','1234','lucia@gmail.com','Avenida del suspenso Nº69','lpreseg','666666666','147852963Q');
INSERT INTO `usuarios` (`IdUsuario`,`Rol`,`Nombre`,`Contraseña`,`email`,`Dirección`,`UserName`,`Teléfono`,`DNI`) VALUES (7,4,'Oscar','1234','oscar@gmail.com','Avenida del suspenso Nº69','oshao','666666666','369852147A');
INSERT INTO `usuarios` (`IdUsuario`,`Rol`,`Nombre`,`Contraseña`,`email`,`Dirección`,`UserName`,`Teléfono`,`DNI`) VALUES (24,4,'Luffy','1234','luffy@gmail.com','Mascaron del thousand sunny Nº1','elmugy','147528934','687459321P');
INSERT INTO `huertos` (`IdHuerto`,`UsuarioPropietario`,`Localización`,`NombreHuerto`) VALUES (4,4,'baño','Ebba');
INSERT INTO `huertos` (`IdHuerto`,`UsuarioPropietario`,`Localización`,`NombreHuerto`) VALUES (24,24,'patio','merry');
INSERT INTO `huertos` (`IdHuerto`,`UsuarioPropietario`,`Localización`,`NombreHuerto`) VALUES (25,24,'atico','chopper');
INSERT INTO `sondas` (`IdSonda`,`NumHuerto`,`Localización`) VALUES (1,1,'ventana');
INSERT INTO `sondas` (`IdSonda`,`NumHuerto`,`Localización`) VALUES (2,2,'techo');
INSERT INTO `sondas` (`IdSonda`,`NumHuerto`,`Localización`) VALUES (3,3,'mueble');
INSERT INTO `sondas` (`IdSonda`,`NumHuerto`,`Localización`) VALUES (4,4,'ventana');
INSERT INTO `sondas` (`IdSonda`,`NumHuerto`,`Localización`) VALUES (5,5,'techo');
INSERT INTO `sondas` (`IdSonda`,`NumHuerto`,`Localización`) VALUES (6,6,'maceta');
INSERT INTO `sondas` (`IdSonda`,`NumHuerto`,`Localización`) VALUES (7,7,'maceta');
INSERT INTO `sondas` (`IdSonda`,`NumHuerto`,`Localización`) VALUES (21,1,'maceta');
INSERT INTO `sondas` (`IdSonda`,`NumHuerto`,`Localización`) VALUES (22,2,'techo');
INSERT INTO `sondas` (`IdSonda`,`NumHuerto`,`Localización`) VALUES (23,3,'ventana');
INSERT INTO `sondas` (`IdSonda`,`NumHuerto`,`Localización`) VALUES (24,4,'mueble');
INSERT INTO `sondas` (`IdSonda`,`NumHuerto`,`Localización`) VALUES (25,5,'mueble');
INSERT INTO `sondas` (`IdSonda`,`NumHuerto`,`Localización`) VALUES (26,6,'techo');
INSERT INTO `sondas` (`IdSonda`,`NumHuerto`,`Localización`) VALUES (27,7,'ventana');
INSERT INTO `sondas` (`IdSonda`,`NumHuerto`,`Localización`) VALUES (28,21,'mueble');
INSERT INTO `sondas` (`IdSonda`,`NumHuerto`,`Localización`) VALUES (29,21,'techo');
INSERT INTO `sondas` (`IdSonda`,`NumHuerto`,`Localización`) VALUES (30,22,'ventana');
INSERT INTO `sondas` (`IdSonda`,`NumHuerto`,`Localización`) VALUES (31,22,'mueble');
INSERT INTO `sondas` (`IdSonda`,`NumHuerto`,`Localización`) VALUES (32,23,'mueble');
INSERT INTO `sondas` (`IdSonda`,`NumHuerto`,`Localización`) VALUES (33,23,'ventana');
INSERT INTO `sondas` (`IdSonda`,`NumHuerto`,`Localización`) VALUES (34,24,'techo');
INSERT INTO `sondas` (`IdSonda`,`NumHuerto`,`Localización`) VALUES (35,24,'ventana');
INSERT INTO `sondas` (`IdSonda`,`NumHuerto`,`Localización`) VALUES (36,25,'mueble');
INSERT INTO `sondas` (`IdSonda`,`NumHuerto`,`Localización`) VALUES (37,25,'techo');
INSERT INTO `sondas` (`IdSonda`,`NumHuerto`,`Localización`) VALUES (38,26,'maceta');
INSERT INTO `sondas` (`IdSonda`,`NumHuerto`,`Localización`) VALUES (39,26,'maceta');
INSERT INTO `sondas` (`IdSonda`,`NumHuerto`,`Localización`) VALUES (40,27,'mueble');
INSERT INTO `sondas` (`IdSonda`,`NumHuerto`,`Localización`) VALUES (41,27,'maceta');
INSERT INTO `sondas` (`IdSonda`,`NumHuerto`,`Localización`) VALUES (42,21,'mueble');
INSERT INTO `sondas` (`IdSonda`,`NumHuerto`,`Localización`) VALUES (43,21,'techo');
INSERT INTO `sondas` (`IdSonda`,`NumHuerto`,`Localización`) VALUES (44,22,'ventana');
INSERT INTO `sondas` (`IdSonda`,`NumHuerto`,`Localización`) VALUES (45,22,'mueble');
INSERT INTO `sondas` (`IdSonda`,`NumHuerto`,`Localización`) VALUES (46,23,'mueble');
INSERT INTO `sondas` (`IdSonda`,`NumHuerto`,`Localización`) VALUES (47,23,'ventana');
INSERT INTO `sondas` (`IdSonda`,`NumHuerto`,`Localización`) VALUES (48,24,'techo');
INSERT INTO `sondas` (`IdSonda`,`NumHuerto`,`Localización`) VALUES (49,24,'ventana');
INSERT INTO `sondas` (`IdSonda`,`NumHuerto`,`Localización`) VALUES (50,25,'mueble');
INSERT INTO `sondas` (`IdSonda`,`NumHuerto`,`Localización`) VALUES (51,25,'techo');
INSERT INTO `sondas` (`IdSonda`,`NumHuerto`,`Localización`) VALUES (52,26,'maceta');
INSERT INTO `sondas` (`IdSonda`,`NumHuerto`,`Localización`) VALUES (53,26,'maceta');
INSERT INTO `sondas` (`IdSonda`,`NumHuerto`,`Localización`) VALUES (54,27,'mueble');
INSERT INTO `sondas` (`IdSonda`,`NumHuerto`,`Localización`) VALUES (55,27,'maceta');
INSERT INTO `sensores` (`IdSensor`,`NumSonda`,`Estado`,`IdTipoSensor`) VALUES (1,1,'OK',1);
INSERT INTO `sensores` (`IdSensor`,`NumSonda`,`Estado`,`IdTipoSensor`) VALUES (2,2,'OK',2);
INSERT INTO `sensores` (`IdSensor`,`NumSonda`,`Estado`,`IdTipoSensor`) VALUES (3,3,'OK',3);
INSERT INTO `sensores` (`IdSensor`,`NumSonda`,`Estado`,`IdTipoSensor`) VALUES (4,4,'OK',4);
INSERT INTO `sensores` (`IdSensor`,`NumSonda`,`Estado`,`IdTipoSensor`) VALUES (5,5,'OK',5);
INSERT INTO `sensores` (`IdSensor`,`NumSonda`,`Estado`,`IdTipoSensor`) VALUES (6,1,'OK',1);
INSERT INTO `sensores` (`IdSensor`,`NumSonda`,`Estado`,`IdTipoSensor`) VALUES (7,2,'OK',2);
INSERT INTO `sensores` (`IdSensor`,`NumSonda`,`Estado`,`IdTipoSensor`) VALUES (8,3,'OK',3);
INSERT INTO `sensores` (`IdSensor`,`NumSonda`,`Estado`,`IdTipoSensor`) VALUES (9,4,'OK',4);
INSERT INTO `sensores` (`IdSensor`,`NumSonda`,`Estado`,`IdTipoSensor`) VALUES (10,5,'OK',5);
INSERT INTO `sensores` (`IdSensor`,`NumSonda`,`Estado`,`IdTipoSensor`) VALUES (41,6,'OK',1);
INSERT INTO `sensores` (`IdSensor`,`NumSonda`,`Estado`,`IdTipoSensor`) VALUES (42,7,'OK',2);
INSERT INTO `sensores` (`IdSensor`,`NumSonda`,`Estado`,`IdTipoSensor`) VALUES (43,21,'OK',2);
INSERT INTO `sensores` (`IdSensor`,`NumSonda`,`Estado`,`IdTipoSensor`) VALUES (44,22,'OK',3);
INSERT INTO `sensores` (`IdSensor`,`NumSonda`,`Estado`,`IdTipoSensor`) VALUES (45,23,'OK',4);
INSERT INTO `sensores` (`IdSensor`,`NumSonda`,`Estado`,`IdTipoSensor`) VALUES (46,24,'OK',5);
INSERT INTO `sensores` (`IdSensor`,`NumSonda`,`Estado`,`IdTipoSensor`) VALUES (47,25,'OK',1);
INSERT INTO `sensores` (`IdSensor`,`NumSonda`,`Estado`,`IdTipoSensor`) VALUES (48,26,'OK',2);
INSERT INTO `sensores` (`IdSensor`,`NumSonda`,`Estado`,`IdTipoSensor`) VALUES (49,27,'OK',3);
INSERT INTO `sensores` (`IdSensor`,`NumSonda`,`Estado`,`IdTipoSensor`) VALUES (50,28,'OK',4);
INSERT INTO `sensores` (`IdSensor`,`NumSonda`,`Estado`,`IdTipoSensor`) VALUES (51,29,'OK',5);
INSERT INTO `sensores` (`IdSensor`,`NumSonda`,`Estado`,`IdTipoSensor`) VALUES (52,30,'OK',1);
INSERT INTO `sensores` (`IdSensor`,`NumSonda`,`Estado`,`IdTipoSensor`) VALUES (53,31,'OK',2);
INSERT INTO `sensores` (`IdSensor`,`NumSonda`,`Estado`,`IdTipoSensor`) VALUES (54,32,'OK',3);
INSERT INTO `sensores` (`IdSensor`,`NumSonda`,`Estado`,`IdTipoSensor`) VALUES (55,33,'OK',4);
INSERT INTO `sensores` (`IdSensor`,`NumSonda`,`Estado`,`IdTipoSensor`) VALUES (56,34,'OK',5);
INSERT INTO `sensores` (`IdSensor`,`NumSonda`,`Estado`,`IdTipoSensor`) VALUES (57,35,'OK',1);
INSERT INTO `sensores` (`IdSensor`,`NumSonda`,`Estado`,`IdTipoSensor`) VALUES (58,36,'OK',2);
INSERT INTO `sensores` (`IdSensor`,`NumSonda`,`Estado`,`IdTipoSensor`) VALUES (59,37,'OK',3);
INSERT INTO `sensores` (`IdSensor`,`NumSonda`,`Estado`,`IdTipoSensor`) VALUES (60,38,'OK',4);
INSERT INTO `sensores` (`IdSensor`,`NumSonda`,`Estado`,`IdTipoSensor`) VALUES (61,39,'OK',5);
INSERT INTO `sensores` (`IdSensor`,`NumSonda`,`Estado`,`IdTipoSensor`) VALUES (62,40,'OK',1);
INSERT INTO `sensores` (`IdSensor`,`NumSonda`,`Estado`,`IdTipoSensor`) VALUES (63,41,'OK',2);
INSERT INTO `sensores` (`IdSensor`,`NumSonda`,`Estado`,`IdTipoSensor`) VALUES (64,42,'OK',3);
INSERT INTO `sensores` (`IdSensor`,`NumSonda`,`Estado`,`IdTipoSensor`) VALUES (65,43,'OK',4);
INSERT INTO `sensores` (`IdSensor`,`NumSonda`,`Estado`,`IdTipoSensor`) VALUES (66,44,'OK',5);
INSERT INTO `sensores` (`IdSensor`,`NumSonda`,`Estado`,`IdTipoSensor`) VALUES (67,45,'OK',1);
INSERT INTO `sensores` (`IdSensor`,`NumSonda`,`Estado`,`IdTipoSensor`) VALUES (68,46,'OK',2);
INSERT INTO `sensores` (`IdSensor`,`NumSonda`,`Estado`,`IdTipoSensor`) VALUES (69,47,'OK',3);
INSERT INTO `sensores` (`IdSensor`,`NumSonda`,`Estado`,`IdTipoSensor`) VALUES (70,48,'OK',4);
INSERT INTO `sensores` (`IdSensor`,`NumSonda`,`Estado`,`IdTipoSensor`) VALUES (71,49,'OK',5);
INSERT INTO `sensores` (`IdSensor`,`NumSonda`,`Estado`,`IdTipoSensor`) VALUES (72,50,'OK',1);
INSERT INTO `sensores` (`IdSensor`,`NumSonda`,`Estado`,`IdTipoSensor`) VALUES (73,51,'OK',2);
INSERT INTO `sensores` (`IdSensor`,`NumSonda`,`Estado`,`IdTipoSensor`) VALUES (74,52,'OK',3);
INSERT INTO `sensores` (`IdSensor`,`NumSonda`,`Estado`,`IdTipoSensor`) VALUES (75,53,'OK',4);
INSERT INTO `sensores` (`IdSensor`,`NumSonda`,`Estado`,`IdTipoSensor`) VALUES (76,54,'OK',5);
INSERT INTO `sensores` (`IdSensor`,`NumSonda`,`Estado`,`IdTipoSensor`) VALUES (77,55,'OK',1);
INSERT INTO `EstadoIncidencia` (`idEstadoIncidencia`,`Valor Estado`) VALUES (1,'Pendiente');
INSERT INTO `EstadoIncidencia` (`idEstadoIncidencia`,`Valor Estado`) VALUES (2,'En proceso');
INSERT INTO `EstadoIncidencia` (`idEstadoIncidencia`,`Valor Estado`) VALUES (3,'Finalizado');
INSERT INTO `tipossensores` (`IdTipoSensor`,`TipoSensor`,`Unidades`) VALUES (1,'Sal','g/L');
INSERT INTO `tipossensores` (`IdTipoSensor`,`TipoSensor`,`Unidades`) VALUES (2,'PH','PH');
INSERT INTO `tipossensores` (`IdTipoSensor`,`TipoSensor`,`Unidades`) VALUES (3,'Humedad','%');
INSERT INTO `tipossensores` (`IdTipoSensor`,`TipoSensor`,`Unidades`) VALUES (4,'Luz','Lúmenes');
INSERT INTO `tipossensores` (`IdTipoSensor`,`TipoSensor`,`Unidades`) VALUES (5,'Temperatura','ºC');
INSERT INTO `TecnicoEncargado` (`IdIncidencias`,`idEstadoIncidencia`,`NivelGravedad`,`NumSensor`,`IdUsuario`,`Rol`) VALUES (1,1,4,1,3,3);
INSERT INTO `TecnicoEncargado` (`IdIncidencias`,`idEstadoIncidencia`,`NivelGravedad`,`NumSensor`,`IdUsuario`,`Rol`) VALUES (2,1,2,2,3,3);
INSERT INTO `TecnicoEncargado` (`IdIncidencias`,`idEstadoIncidencia`,`NivelGravedad`,`NumSensor`,`IdUsuario`,`Rol`) VALUES (3,2,4,3,3,3);
INSERT INTO `TecnicoEncargado` (`IdIncidencias`,`idEstadoIncidencia`,`NivelGravedad`,`NumSensor`,`IdUsuario`,`Rol`) VALUES (4,2,1,4,3,3);
INSERT INTO `TecnicoEncargado` (`IdIncidencias`,`idEstadoIncidencia`,`NivelGravedad`,`NumSensor`,`IdUsuario`,`Rol`) VALUES (5,3,1,5,3,3);
INSERT INTO `TecnicoEncargado` (`IdIncidencias`,`idEstadoIncidencia`,`NivelGravedad`,`NumSensor`,`IdUsuario`,`Rol`) VALUES (7,3,3,9,3,3);
INSERT INTO `incidencias` (`IdIncidencias`,`idEstadoIncidencia`,`TipoIncidencia`,`NivelGravedad`,`Descripción`,`NumSensor`,`FechaIni`,`FechaFin`) VALUES (1,1,'mecánica',4,'Ve rezando lo que sepas',1,'2022-05-30 00:00:00','2022-06-03 00:00:00');
INSERT INTO `incidencias` (`IdIncidencias`,`idEstadoIncidencia`,`TipoIncidencia`,`NivelGravedad`,`Descripción`,`NumSensor`,`FechaIni`,`FechaFin`) VALUES (2,1,'lógica',2,'Ve rezando lo que sepas',2,'2022-06-09 00:00:00','2022-07-09 00:00:00');
INSERT INTO `incidencias` (`IdIncidencias`,`idEstadoIncidencia`,`TipoIncidencia`,`NivelGravedad`,`Descripción`,`NumSensor`,`FechaIni`,`FechaFin`) VALUES (3,2,'mecánica',4,'cable roto',3,'2022-09-14 14:22:11','2022-01-25 00:00:00');
INSERT INTO `incidencias` (`IdIncidencias`,`idEstadoIncidencia`,`TipoIncidencia`,`NivelGravedad`,`Descripción`,`NumSensor`,`FechaIni`,`FechaFin`) VALUES (4,2,'lógica',1,'Descalibrado',4,'2022-04-15 13:25:42','2022-04-18 13:25:42');
INSERT INTO `incidencias` (`IdIncidencias`,`idEstadoIncidencia`,`TipoIncidencia`,`NivelGravedad`,`Descripción`,`NumSensor`,`FechaIni`,`FechaFin`) VALUES (5,3,'tonta',1,'cable desenchufado',5,'2023-01-01 17:58:41','2023-01-02 09:00:14');
INSERT INTO `incidencias` (`IdIncidencias`,`idEstadoIncidencia`,`TipoIncidencia`,`NivelGravedad`,`Descripción`,`NumSensor`,`FechaIni`,`FechaFin`) VALUES (6,1,'tonta',1,'cable desenchufado',8,'2022-07-07 15:39:45','2023-07-08 09:00:13');
INSERT INTO `incidencias` (`IdIncidencias`,`idEstadoIncidencia`,`TipoIncidencia`,`NivelGravedad`,`Descripción`,`NumSensor`,`FechaIni`,`FechaFin`) VALUES (7,3,'mecánica',3,'Sensor roto',9,'2023-02-25 19:36:47','2023-02-27 09:00:16');
INSERT INTO `nivelgravedad` (`IdNivelGravedad`,`Valor`) VALUES (1,'leve');
INSERT INTO `nivelgravedad` (`IdNivelGravedad`,`Valor`) VALUES (2,'grave');
INSERT INTO `nivelgravedad` (`IdNivelGravedad`,`Valor`) VALUES (3,'muy grave');
INSERT INTO `nivelgravedad` (`IdNivelGravedad`,`Valor`) VALUES (4,'crítico');
INSERT INTO `nivelgravedad` (`IdNivelGravedad`,`Valor`) VALUES (5,'Llamar a los bomberos');
INSERT INTO `mediciones` (`idMediciones`,`IdSensor`,`fecha`,`Medida`) VALUES (1,1,'2022-03-01 00:00:00',15.80);
INSERT INTO `mediciones` (`idMediciones`,`IdSensor`,`fecha`,`Medida`) VALUES (2,2,'2022-04-01 00:00:00',7.00);
INSERT INTO `mediciones` (`idMediciones`,`IdSensor`,`fecha`,`Medida`) VALUES (3,3,'2022-05-01 00:00:00',50.00);
INSERT INTO `mediciones` (`idMediciones`,`IdSensor`,`fecha`,`Medida`) VALUES (4,4,'2022-06-01 00:00:00',200.00);
INSERT INTO `mediciones` (`idMediciones`,`IdSensor`,`fecha`,`Medida`) VALUES (5,5,'2022-07-01 00:00:00',19.00);
INSERT INTO `mediciones` (`idMediciones`,`IdSensor`,`fecha`,`Medida`) VALUES (6,6,'2022-08-01 00:00:00',11.00);
INSERT INTO `mediciones` (`idMediciones`,`IdSensor`,`fecha`,`Medida`) VALUES (7,7,'2022-09-01 00:00:00',9.00);
INSERT INTO `mediciones` (`idMediciones`,`IdSensor`,`fecha`,`Medida`) VALUES (8,8,'2022-10-01 00:00:00',75.00);
INSERT INTO `mediciones` (`idMediciones`,`IdSensor`,`fecha`,`Medida`) VALUES (9,9,'2022-11-01 00:00:00',300.00);
INSERT INTO `mediciones` (`idMediciones`,`IdSensor`,`fecha`,`Medida`) VALUES (10,10,'2022-12-01 00:00:00',22.50);
INSERT INTO `mediciones` (`idMediciones`,`IdSensor`,`fecha`,`Medida`) VALUES (11,1,'2022-03-01 00:00:00',15.80);
INSERT INTO `mediciones` (`idMediciones`,`IdSensor`,`fecha`,`Medida`) VALUES (12,2,'2022-04-01 00:00:00',7.00);
INSERT INTO `mediciones` (`idMediciones`,`IdSensor`,`fecha`,`Medida`) VALUES (13,3,'2022-05-01 00:00:00',50.00);
INSERT INTO `mediciones` (`idMediciones`,`IdSensor`,`fecha`,`Medida`) VALUES (14,4,'2022-06-01 00:00:00',200.00);
INSERT INTO `mediciones` (`idMediciones`,`IdSensor`,`fecha`,`Medida`) VALUES (15,5,'2022-07-01 00:00:00',19.00);
INSERT INTO `mediciones` (`idMediciones`,`IdSensor`,`fecha`,`Medida`) VALUES (16,6,'2022-08-01 00:00:00',11.00);
INSERT INTO `mediciones` (`idMediciones`,`IdSensor`,`fecha`,`Medida`) VALUES (17,7,'2022-09-01 00:00:00',9.00);
INSERT INTO `mediciones` (`idMediciones`,`IdSensor`,`fecha`,`Medida`) VALUES (18,8,'2022-10-01 00:00:00',75.00);
INSERT INTO `mediciones` (`idMediciones`,`IdSensor`,`fecha`,`Medida`) VALUES (19,9,'2022-11-01 00:00:00',300.00);
INSERT INTO `mediciones` (`idMediciones`,`IdSensor`,`fecha`,`Medida`) VALUES (20,10,'2022-12-01 00:00:00',22.50);
INSERT INTO `mediciones` (`idMediciones`,`IdSensor`,`fecha`,`Medida`) VALUES (21,1,'2022-03-01 00:00:00',15.80);
INSERT INTO `mediciones` (`idMediciones`,`IdSensor`,`fecha`,`Medida`) VALUES (22,2,'2022-04-01 00:00:00',7.00);
INSERT INTO `mediciones` (`idMediciones`,`IdSensor`,`fecha`,`Medida`) VALUES (23,3,'2022-05-01 00:00:00',50.00);
INSERT INTO `mediciones` (`idMediciones`,`IdSensor`,`fecha`,`Medida`) VALUES (24,4,'2022-06-01 00:00:00',200.00);
INSERT INTO `mediciones` (`idMediciones`,`IdSensor`,`fecha`,`Medida`) VALUES (25,5,'2022-07-01 00:00:00',19.00);
INSERT INTO `mediciones` (`idMediciones`,`IdSensor`,`fecha`,`Medida`) VALUES (26,1,'2022-08-01 00:00:00',13.89);
INSERT INTO `mediciones` (`idMediciones`,`IdSensor`,`fecha`,`Medida`) VALUES (27,2,'2022-09-01 00:00:00',8.00);
INSERT INTO `mediciones` (`idMediciones`,`IdSensor`,`fecha`,`Medida`) VALUES (28,3,'2022-10-01 00:00:00',75.00);
INSERT INTO `mediciones` (`idMediciones`,`IdSensor`,`fecha`,`Medida`) VALUES (29,4,'2022-09-01 00:00:00',190.00);
INSERT INTO `mediciones` (`idMediciones`,`IdSensor`,`fecha`,`Medida`) VALUES (30,5,'2022-11-01 00:00:00',20.00);
INSERT INTO `mediciones` (`idMediciones`,`IdSensor`,`fecha`,`Medida`) VALUES (31,41,'2022-01-21 00:00:00',9.90);
INSERT INTO `mediciones` (`idMediciones`,`IdSensor`,`fecha`,`Medida`) VALUES (32,42,'2022-02-21 00:00:00',8.80);
INSERT INTO `mediciones` (`idMediciones`,`IdSensor`,`fecha`,`Medida`) VALUES (33,43,'2022-03-21 00:00:00',7.90);
INSERT INTO `mediciones` (`idMediciones`,`IdSensor`,`fecha`,`Medida`) VALUES (34,44,'2022-04-21 00:00:00',48.00);
INSERT INTO `mediciones` (`idMediciones`,`IdSensor`,`fecha`,`Medida`) VALUES (35,45,'2022-05-21 00:00:00',400.00);
INSERT INTO `mediciones` (`idMediciones`,`IdSensor`,`fecha`,`Medida`) VALUES (36,46,'2022-06-21 00:00:00',22.40);
INSERT INTO `mediciones` (`idMediciones`,`IdSensor`,`fecha`,`Medida`) VALUES (37,47,'2022-07-21 00:00:00',7.50);
INSERT INTO `mediciones` (`idMediciones`,`IdSensor`,`fecha`,`Medida`) VALUES (38,48,'2022-08-21 00:00:00',6.70);
INSERT INTO `mediciones` (`idMediciones`,`IdSensor`,`fecha`,`Medida`) VALUES (39,49,'2022-09-21 00:00:00',63.00);
INSERT INTO `mediciones` (`idMediciones`,`IdSensor`,`fecha`,`Medida`) VALUES (40,50,'2022-10-21 00:00:00',590.00);
INSERT INTO `mediciones` (`idMediciones`,`IdSensor`,`fecha`,`Medida`) VALUES (41,51,'2022-11-21 00:00:00',25.00);
INSERT INTO `mediciones` (`idMediciones`,`IdSensor`,`fecha`,`Medida`) VALUES (42,52,'2022-12-21 00:00:00',11.10);
INSERT INTO `mediciones` (`idMediciones`,`IdSensor`,`fecha`,`Medida`) VALUES (43,53,'2023-01-01 00:00:00',4.60);
INSERT INTO `mediciones` (`idMediciones`,`IdSensor`,`fecha`,`Medida`) VALUES (44,54,'2023-02-01 00:00:00',88.00);
INSERT INTO `mediciones` (`idMediciones`,`IdSensor`,`fecha`,`Medida`) VALUES (45,55,'2023-03-01 00:00:00',663.00);
INSERT INTO `mediciones` (`idMediciones`,`IdSensor`,`fecha`,`Medida`) VALUES (46,56,'2023-04-01 00:00:00',18.00);
INSERT INTO `mediciones` (`idMediciones`,`IdSensor`,`fecha`,`Medida`) VALUES (47,57,'2023-05-01 00:00:00',19.40);
INSERT INTO `mediciones` (`idMediciones`,`IdSensor`,`fecha`,`Medida`) VALUES (48,58,'2023-06-01 00:00:00',12.00);
INSERT INTO `mediciones` (`idMediciones`,`IdSensor`,`fecha`,`Medida`) VALUES (49,59,'2023-07-01 00:00:00',64.00);
INSERT INTO `mediciones` (`idMediciones`,`IdSensor`,`fecha`,`Medida`) VALUES (50,60,'2023-08-01 00:00:00',721.00);
INSERT INTO `mediciones` (`idMediciones`,`IdSensor`,`fecha`,`Medida`) VALUES (51,61,'2023-09-01 00:00:00',14.00);
INSERT INTO `mediciones` (`idMediciones`,`IdSensor`,`fecha`,`Medida`) VALUES (52,62,'2023-10-01 00:00:00',19.80);
INSERT INTO `mediciones` (`idMediciones`,`IdSensor`,`fecha`,`Medida`) VALUES (53,63,'2023-11-01 00:00:00',6.70);
INSERT INTO `mediciones` (`idMediciones`,`IdSensor`,`fecha`,`Medida`) VALUES (54,41,'2023-12-01 00:00:00',7.80);
INSERT INTO `mediciones` (`idMediciones`,`IdSensor`,`fecha`,`Medida`) VALUES (55,42,'2022-01-15 00:00:00',7.90);
INSERT INTO `mediciones` (`idMediciones`,`IdSensor`,`fecha`,`Medida`) VALUES (56,43,'2022-02-15 00:00:00',6.10);
INSERT INTO `mediciones` (`idMediciones`,`IdSensor`,`fecha`,`Medida`) VALUES (57,44,'2022-03-15 00:00:00',67.00);
INSERT INTO `mediciones` (`idMediciones`,`IdSensor`,`fecha`,`Medida`) VALUES (58,45,'2022-04-15 00:00:00',821.00);
INSERT INTO `mediciones` (`idMediciones`,`IdSensor`,`fecha`,`Medida`) VALUES (59,46,'2022-05-15 00:00:00',26.00);
INSERT INTO `mediciones` (`idMediciones`,`IdSensor`,`fecha`,`Medida`) VALUES (60,47,'2022-06-15 00:00:00',24.00);
INSERT INTO `mediciones` (`idMediciones`,`IdSensor`,`fecha`,`Medida`) VALUES (61,48,'2022-07-15 00:00:00',3.70);
INSERT INTO `mediciones` (`idMediciones`,`IdSensor`,`fecha`,`Medida`) VALUES (62,49,'2022-08-15 00:00:00',31.00);
INSERT INTO `mediciones` (`idMediciones`,`IdSensor`,`fecha`,`Medida`) VALUES (63,50,'2022-09-15 00:00:00',456.00);
INSERT INTO `mediciones` (`idMediciones`,`IdSensor`,`fecha`,`Medida`) VALUES (64,51,'2022-10-15 00:00:00',26.00);
INSERT INTO `mediciones` (`idMediciones`,`IdSensor`,`fecha`,`Medida`) VALUES (65,52,'2022-11-15 00:00:00',14.00);
INSERT INTO `mediciones` (`idMediciones`,`IdSensor`,`fecha`,`Medida`) VALUES (66,53,'2022-12-15 00:00:00',8.60);
INSERT INTO `mediciones` (`idMediciones`,`IdSensor`,`fecha`,`Medida`) VALUES (67,54,'2022-01-27 00:00:00',15.00);
INSERT INTO `mediciones` (`idMediciones`,`IdSensor`,`fecha`,`Medida`) VALUES (68,55,'2022-02-27 00:00:00',589.00);
INSERT INTO `mediciones` (`idMediciones`,`IdSensor`,`fecha`,`Medida`) VALUES (69,56,'2022-03-27 00:00:00',19.00);
INSERT INTO `mediciones` (`idMediciones`,`IdSensor`,`fecha`,`Medida`) VALUES (70,57,'2022-04-27 00:00:00',16.00);
INSERT INTO `mediciones` (`idMediciones`,`IdSensor`,`fecha`,`Medida`) VALUES (71,58,'2022-05-27 00:00:00',7.30);
INSERT INTO `mediciones` (`idMediciones`,`IdSensor`,`fecha`,`Medida`) VALUES (72,59,'2022-06-27 00:00:00',10.00);
INSERT INTO `mediciones` (`idMediciones`,`IdSensor`,`fecha`,`Medida`) VALUES (73,60,'2022-07-27 00:00:00',478.00);
INSERT INTO `mediciones` (`idMediciones`,`IdSensor`,`fecha`,`Medida`) VALUES (74,61,'2022-08-27 00:00:00',14.00);
INSERT INTO `mediciones` (`idMediciones`,`IdSensor`,`fecha`,`Medida`) VALUES (75,62,'2022-09-27 00:00:00',18.60);
INSERT INTO `mediciones` (`idMediciones`,`IdSensor`,`fecha`,`Medida`) VALUES (76,63,'2022-10-27 00:00:00',14.00);
INSERT INTO `mediciones` (`idMediciones`,`IdSensor`,`fecha`,`Medida`) VALUES (77,1,'2022-01-02 00:00:00',12.30);
INSERT INTO `mediciones` (`idMediciones`,`IdSensor`,`fecha`,`Medida`) VALUES (78,2,'2022-02-02 00:00:00',9.80);
INSERT INTO `mediciones` (`idMediciones`,`IdSensor`,`fecha`,`Medida`) VALUES (79,3,'2022-03-02 00:00:00',78.00);
INSERT INTO `mediciones` (`idMediciones`,`IdSensor`,`fecha`,`Medida`) VALUES (80,4,'2022-04-04 00:00:00',536.00);
INSERT INTO `mediciones` (`idMediciones`,`IdSensor`,`fecha`,`Medida`) VALUES (81,5,'2022-05-02 00:00:00',29.00);
INSERT INTO `mediciones` (`idMediciones`,`IdSensor`,`fecha`,`Medida`) VALUES (82,6,'2022-06-02 00:00:00',16.40);
insert into mediciones (idMediciones,IdSensor, fecha, Medida) values (83,1, '2022-07-07', 27.45);
insert into mediciones (idMediciones,IdSensor, fecha, Medida) values (84,1, '2023-01-27', 21.66);
insert into mediciones (idMediciones,IdSensor, fecha, Medida) values (85,1, '2023-03-27', 24.94);
insert into mediciones (idMediciones,IdSensor, fecha, Medida) values (86,1, '2022-07-09', 26.19);
insert into mediciones (idMediciones,IdSensor, fecha, Medida) values (87,1, '2023-02-23', 6.44);
insert into mediciones (idMediciones,IdSensor, fecha, Medida) values (88,1, '2022-10-19', 18.39);
insert into mediciones (idMediciones,IdSensor, fecha, Medida) values (89,1, '2022-07-25', 9.24);
insert into mediciones (idMediciones,IdSensor, fecha, Medida) values (90,1, '2023-05-17', 18.12);
insert into mediciones (idMediciones,IdSensor, fecha, Medida) values (91,1, '2023-04-16', 25.71);
insert into mediciones (idMediciones,IdSensor, fecha, Medida) values (92,1, '2023-05-16', 28.28);
insert into mediciones (idMediciones,IdSensor, fecha, Medida) values (93,1, '2022-09-12', 8.7);
insert into mediciones (idMediciones,IdSensor, fecha, Medida) values (94,1, '2022-10-20', 12.78);
insert into mediciones (idMediciones,IdSensor, fecha, Medida) values (95,1, '2023-02-24', 27.98);
insert into mediciones (idMediciones,IdSensor, fecha, Medida) values (96,1, '2022-06-26', 10.21);
insert into mediciones (idMediciones,IdSensor, fecha, Medida) values (97,1, '2023-02-19', 7.98);
insert into mediciones (idMediciones,IdSensor, fecha, Medida) values (98,1, '2022-10-11', 19.97);
insert into mediciones (idMediciones,IdSensor, fecha, Medida) values (99,1, '2023-06-04', 7.13);
insert into mediciones (idMediciones,IdSensor, fecha, Medida) values (100,1, '2023-01-08', 22.25);
insert into mediciones (idMediciones,IdSensor, fecha, Medida) values (101,1, '2022-07-30', 21.11);
insert into mediciones (idMediciones,IdSensor, fecha, Medida) values (102,1, '2023-05-26', 10.2);
insert into mediciones (idMediciones,IdSensor, fecha, Medida) values (103,1, '2022-10-08', 14.32);
insert into mediciones (idMediciones,IdSensor, fecha, Medida) values (104,1, '2022-10-31', 25.13);
insert into mediciones (idMediciones,IdSensor, fecha, Medida) values (105,1, '2023-04-24', 11.46);
insert into mediciones (idMediciones,IdSensor, fecha, Medida) values (106,1, '2022-08-20', 16.97);
insert into mediciones (idMediciones,IdSensor, fecha, Medida) values (107,1, '2023-01-31', 7.51);
insert into mediciones (idMediciones,IdSensor, fecha, Medida) values (108,1, '2022-10-15', 5.41);
insert into mediciones (idMediciones,IdSensor, fecha, Medida) values (109,1, '2023-06-06', 28.51);
insert into mediciones (idMediciones,IdSensor, fecha, Medida) values (110,1, '2022-06-29', 22.44);
insert into mediciones (idMediciones,IdSensor, fecha, Medida) values (111,1, '2023-05-21', 7.32);
insert into mediciones (idMediciones,IdSensor, fecha, Medida) values (112,1, '2022-12-07', 20.4);
insert into mediciones (idMediciones,IdSensor, fecha, Medida) values (113,1, '2022-09-16', 13.91);
insert into mediciones (idMediciones,IdSensor, fecha, Medida) values (114,1, '2022-12-21', 9.82);
insert into mediciones (idMediciones,IdSensor, fecha, Medida) values (115,1, '2022-12-11', 20.33);
insert into mediciones (idMediciones,IdSensor, fecha, Medida) values (116,1, '2022-08-30', 20.42);
insert into mediciones (idMediciones,IdSensor, fecha, Medida) values (117,1, '2023-04-30', 17.8);
insert into mediciones (idMediciones,IdSensor, fecha, Medida) values (118,1, '2022-11-13', 6.74);
insert into mediciones (idMediciones,IdSensor, fecha, Medida) values (119,1, '2023-05-23', 29.04);
insert into mediciones (idMediciones,IdSensor, fecha, Medida) values (120,1, '2023-06-14', 27.95);
insert into mediciones (idMediciones,IdSensor, fecha, Medida) values (121,1, '2023-03-16', 12.71);
insert into mediciones (idMediciones,IdSensor, fecha, Medida) values (122,1, '2022-08-31', 12.71);
insert into mediciones (idMediciones,IdSensor, fecha, Medida) values (123,1, '2023-02-25', 25.26);
insert into mediciones (idMediciones,IdSensor, fecha, Medida) values (124,1, '2023-06-11', 15.89);
insert into mediciones (idMediciones,IdSensor, fecha, Medida) values (125,1, '2022-07-25', 9.96);
insert into mediciones (idMediciones,IdSensor, fecha, Medida) values (126,1, '2022-08-25', 10.72);
insert into mediciones (idMediciones,IdSensor, fecha, Medida) values (127,1, '2022-12-20', 18.8);
insert into mediciones (idMediciones,IdSensor, fecha, Medida) values (128,1, '2023-03-15', 5.62);
insert into mediciones (idMediciones,IdSensor, fecha, Medida) values (129,1, '2022-07-31', 25.9);
insert into mediciones (idMediciones,IdSensor, fecha, Medida) values (130,1, '2023-05-01', 28.83);
insert into mediciones (idMediciones,IdSensor, fecha, Medida) values (131,1, '2023-01-19', 21.33);
insert into mediciones (idMediciones,IdSensor, fecha, Medida) values (132,1, '2023-03-09', 15.34);
insert into mediciones (idMediciones,IdSensor, fecha, Medida) values (133,1, '2023-01-10', 18.89);
insert into mediciones (idMediciones,IdSensor, fecha, Medida) values (134,1, '2022-11-22', 26.1);
insert into mediciones (idMediciones,IdSensor, fecha, Medida) values (135,1, '2023-03-07', 29.01);
insert into mediciones (idMediciones,IdSensor, fecha, Medida) values (136,1, '2023-04-15', 26.99);
insert into mediciones (idMediciones,IdSensor, fecha, Medida) values (137,1, '2022-07-17', 22.64);
insert into mediciones (idMediciones,IdSensor, fecha, Medida) values (138,1, '2023-04-16', 14.04);
insert into mediciones (idMediciones,IdSensor, fecha, Medida) values (139,1, '2022-09-13', 29.77);
insert into mediciones (idMediciones,IdSensor, fecha, Medida) values (140,1, '2023-02-25', 28.79);
insert into mediciones (idMediciones,IdSensor, fecha, Medida) values (141,1, '2022-11-23', 13.93);
insert into mediciones (idMediciones,IdSensor, fecha, Medida) values (142,1, '2022-09-09', 28.37);
insert into mediciones (idMediciones,IdSensor, fecha, Medida) values (143,1, '2022-09-17', 15.35);
insert into mediciones (idMediciones,IdSensor, fecha, Medida) values (144,1, '2022-10-24', 8.87);
insert into mediciones (idMediciones,IdSensor, fecha, Medida) values (145,1, '2023-01-08', 29.38);
insert into mediciones (idMediciones,IdSensor, fecha, Medida) values (146,1, '2022-06-20', 22.37);
insert into mediciones (idMediciones,IdSensor, fecha, Medida) values (147,1, '2023-06-07', 9.82);
insert into mediciones (idMediciones,IdSensor, fecha, Medida) values (148,1, '2022-07-06', 26.24);
insert into mediciones (idMediciones,IdSensor, fecha, Medida) values (149,1, '2022-10-23', 15.87);
insert into mediciones (idMediciones,IdSensor, fecha, Medida) values (150,1, '2023-02-09', 27.01);
insert into mediciones (idMediciones,IdSensor, fecha, Medida) values (151,1, '2023-03-15', 27.88);
insert into mediciones (idMediciones,IdSensor, fecha, Medida) values (152,1, '2023-03-03', 22.63);
insert into mediciones (idMediciones,IdSensor, fecha, Medida) values (153,1, '2022-10-18', 8.35);
insert into mediciones (idMediciones,IdSensor, fecha, Medida) values (154,1, '2023-03-31', 12.51);
insert into mediciones (idMediciones,IdSensor, fecha, Medida) values (155,1, '2023-05-27', 29.09);
insert into mediciones (idMediciones,IdSensor, fecha, Medida) values (156,1, '2023-01-02', 10.63);
insert into mediciones (idMediciones,IdSensor, fecha, Medida) values (157,1, '2023-06-09', 22.4);
insert into mediciones (idMediciones,IdSensor, fecha, Medida) values (158,1, '2022-08-29', 10.76);
insert into mediciones (idMediciones,IdSensor, fecha, Medida) values (159,1, '2023-06-08', 8.95);
insert into mediciones (idMediciones,IdSensor, fecha, Medida) values (160,1, '2022-08-31', 26.82);
insert into mediciones (idMediciones,IdSensor, fecha, Medida) values (161,1, '2022-10-22', 19.8);
insert into mediciones (idMediciones,IdSensor, fecha, Medida) values (162,1, '2022-08-11', 29.1);
insert into mediciones (idMediciones,IdSensor, fecha, Medida) values (163,1, '2022-10-27', 11.74);
insert into mediciones (idMediciones,IdSensor, fecha, Medida) values (164,1, '2022-08-15', 14.8);
insert into mediciones (idMediciones,IdSensor, fecha, Medida) values (165,1, '2022-07-20', 28.18);
insert into mediciones (idMediciones,IdSensor, fecha, Medida) values (166,1, '2022-08-10', 20.71);
insert into mediciones (idMediciones,IdSensor, fecha, Medida) values (167,1, '2023-03-05', 8.74);
insert into mediciones (idMediciones,IdSensor, fecha, Medida) values (168,1, '2023-05-05', 20.07);
insert into mediciones (idMediciones,IdSensor, fecha, Medida) values (169,1, '2022-10-19', 12.27);
insert into mediciones (idMediciones,IdSensor, fecha, Medida) values (170,1, '2023-05-26', 13.48);
insert into mediciones (idMediciones,IdSensor, fecha, Medida) values (171,1, '2023-03-06', 22.33);
insert into mediciones (idMediciones,IdSensor, fecha, Medida) values (172,1, '2023-03-17', 18.73);
insert into mediciones (idMediciones,IdSensor, fecha, Medida) values (173,1, '2022-07-24', 15.35);
insert into mediciones (idMediciones,IdSensor, fecha, Medida) values (174,1, '2022-07-15', 19.47);
insert into mediciones (idMediciones,IdSensor, fecha, Medida) values (175,1, '2022-09-15', 7.34);
insert into mediciones (idMediciones,IdSensor, fecha, Medida) values (176,1, '2022-10-22', 21.87);
insert into mediciones (idMediciones,IdSensor, fecha, Medida) values (177,1, '2022-10-18', 27.64);
insert into mediciones (idMediciones,IdSensor, fecha, Medida) values (178,1, '2022-09-09', 29.22);
insert into mediciones (idMediciones,IdSensor, fecha, Medida) values (179,1, '2022-06-25', 22.49);
insert into mediciones (idMediciones,IdSensor, fecha, Medida) values (180,1, '2022-07-21', 11.93);
insert into mediciones (idMediciones,IdSensor, fecha, Medida) values (181,1, '2022-08-08', 5.41);
insert into mediciones (idMediciones,IdSensor, fecha, Medida) values (182,1, '2023-04-09', 24.47);
insert into mediciones (idMediciones,IdSensor, fecha, Medida) values (183,1, '2022-09-04', 10.22);
insert into mediciones (idMediciones,IdSensor, fecha, Medida) values (184,1, '2022-08-21', 8.18);
insert into mediciones (idMediciones,IdSensor, fecha, Medida) values (185,1, '2023-05-12', 22.75);
insert into mediciones (idMediciones,IdSensor, fecha, Medida) values (186,1, '2022-12-05', 7.49);
insert into mediciones (idMediciones,IdSensor, fecha, Medida) values (187,1, '2023-01-24', 10.43);
insert into mediciones (idMediciones,IdSensor, fecha, Medida) values (188,1, '2023-04-28', 11.37);
insert into mediciones (idMediciones,IdSensor, fecha, Medida) values (189,1, '2022-10-07', 7.15);
insert into mediciones (idMediciones,IdSensor, fecha, Medida) values (190,1, '2022-10-14', 19.42);
insert into mediciones (idMediciones,IdSensor, fecha, Medida) values (191,1, '2023-03-03', 24.6);
insert into mediciones (idMediciones,IdSensor, fecha, Medida) values (192,1, '2023-02-15', 13.24);
insert into mediciones (idMediciones,IdSensor, fecha, Medida) values (193,1, '2023-06-12', 25.54);
insert into mediciones (idMediciones,IdSensor, fecha, Medida) values (194,1, '2022-09-08', 21.13);
insert into mediciones (idMediciones,IdSensor, fecha, Medida) values (195,1, '2022-09-01', 19.94);
insert into mediciones (idMediciones,IdSensor, fecha, Medida) values (196,1, '2023-01-03', 22.42);
insert into mediciones (idMediciones,IdSensor, fecha, Medida) values (197,1, '2022-08-21', 5.72);
insert into mediciones (idMediciones,IdSensor, fecha, Medida) values (198,1, '2022-09-03', 17.82);
insert into mediciones (idMediciones,IdSensor, fecha, Medida) values (199,1, '2022-11-17', 17.72);
insert into mediciones (idMediciones,IdSensor, fecha, Medida) values (200,1, '2023-04-05', 18.53);
insert into mediciones (idMediciones,IdSensor, fecha, Medida) values (201,1, '2023-01-06', 20.18);
insert into mediciones (idMediciones,IdSensor, fecha, Medida) values (202,1, '2022-07-29', 27.7);
insert into mediciones (idMediciones,IdSensor, fecha, Medida) values (203,1, '2022-10-05', 15.81);
insert into mediciones (idMediciones,IdSensor, fecha, Medida) values (204,1, '2023-05-22', 20.57);
insert into mediciones (idMediciones,IdSensor, fecha, Medida) values (205,1, '2022-07-05', 25.76);
insert into mediciones (idMediciones,IdSensor, fecha, Medida) values (206,1, '2023-05-12', 16.21);
insert into mediciones (idMediciones,IdSensor, fecha, Medida) values (207,1, '2022-08-30', 17.8);
insert into mediciones (idMediciones,IdSensor, fecha, Medida) values (208,1, '2023-03-18', 28.34);
insert into mediciones (idMediciones,IdSensor, fecha, Medida) values (209,1, '2023-03-02', 24.86);
insert into mediciones (idMediciones,IdSensor, fecha, Medida) values (210,1, '2023-02-26', 22.17);
insert into mediciones (idMediciones,IdSensor, fecha, Medida) values (211,1, '2022-09-16', 28.3);
insert into mediciones (idMediciones,IdSensor, fecha, Medida) values (212,1, '2023-02-14', 28.17);
insert into mediciones (idMediciones,IdSensor, fecha, Medida) values (213,1, '2023-04-23', 18.44);
insert into mediciones (idMediciones,IdSensor, fecha, Medida) values (214,1, '2022-06-29', 19.49);
insert into mediciones (idMediciones,IdSensor, fecha, Medida) values (215,1, '2023-03-10', 27.93);
insert into mediciones (idMediciones,IdSensor, fecha, Medida) values (216,1, '2023-01-20', 22.55);
insert into mediciones (idMediciones,IdSensor, fecha, Medida) values (217,1, '2023-05-24', 10.69);
insert into mediciones (idMediciones,IdSensor, fecha, Medida) values (218,1, '2022-09-09', 10.42);
insert into mediciones (idMediciones,IdSensor, fecha, Medida) values (219,1, '2022-10-23', 19.53);
insert into mediciones (idMediciones,IdSensor, fecha, Medida) values (220,1, '2023-04-11', 28.69);
insert into mediciones (idMediciones,IdSensor, fecha, Medida) values (221,1, '2022-12-19', 8.41);
insert into mediciones (idMediciones,IdSensor, fecha, Medida) values (222,1, '2023-02-18', 10.16);
insert into mediciones (idMediciones,IdSensor, fecha, Medida) values (223,1, '2023-01-21', 13.4);
insert into mediciones (idMediciones,IdSensor, fecha, Medida) values (224,1, '2022-06-29', 27.18);
insert into mediciones (idMediciones,IdSensor, fecha, Medida) values (225,1, '2022-10-25', 20.06);
insert into mediciones (idMediciones,IdSensor, fecha, Medida) values (226,1, '2023-06-04', 19.93);
insert into mediciones (idMediciones,IdSensor, fecha, Medida) values (227,1, '2022-12-10', 27.39);
insert into mediciones (idMediciones,IdSensor, fecha, Medida) values (228,1, '2023-03-06', 12.75);
insert into mediciones (idMediciones,IdSensor, fecha, Medida) values (229,1, '2022-08-02', 12.1);
insert into mediciones (idMediciones,IdSensor, fecha, Medida) values (230,1, '2022-09-02', 15.13);
insert into mediciones (idMediciones,IdSensor, fecha, Medida) values (231,1, '2023-06-11', 5.68);
insert into mediciones (idMediciones,IdSensor, fecha, Medida) values (232,1, '2022-09-26', 21.72);
insert into mediciones (idMediciones,IdSensor, fecha, Medida) values (233,1, '2022-08-23', 28.93);
insert into mediciones (idMediciones,IdSensor, fecha, Medida) values (234,1, '2023-03-12', 28.93);
insert into mediciones (idMediciones,IdSensor, fecha, Medida) values (235,1, '2022-07-21', 27.95);
insert into mediciones (idMediciones,IdSensor, fecha, Medida) values (236,1, '2022-07-01', 27.25);
insert into mediciones (idMediciones,IdSensor, fecha, Medida) values (237,1, '2023-04-08', 28.52);
insert into mediciones (idMediciones,IdSensor, fecha, Medida) values (238,1, '2023-02-27', 22.96);
insert into mediciones (idMediciones,IdSensor, fecha, Medida) values (239,1, '2023-04-13', 14.71);
insert into mediciones (idMediciones,IdSensor, fecha, Medida) values (240,1, '2023-04-05', 5.29);
insert into mediciones (idMediciones,IdSensor, fecha, Medida) values (241,1, '2022-09-08', 18.63);
insert into mediciones (idMediciones,IdSensor, fecha, Medida) values (242,1, '2022-08-14', 9.87);
insert into mediciones (idMediciones,IdSensor, fecha, Medida) values (243,1, '2023-06-12', 13.88);
insert into mediciones (idMediciones,IdSensor, fecha, Medida) values (244,1, '2022-12-11', 24.35);
insert into mediciones (idMediciones,IdSensor, fecha, Medida) values (245,1, '2022-11-05', 26.96);
insert into mediciones (idMediciones,IdSensor, fecha, Medida) values (246,1, '2023-02-01', 5.94);
insert into mediciones (idMediciones,IdSensor, fecha, Medida) values (247,1, '2022-11-19', 8.53);
insert into mediciones (idMediciones,IdSensor, fecha, Medida) values (248,1, '2023-05-19', 17.13);
insert into mediciones (idMediciones,IdSensor, fecha, Medida) values (249,1, '2022-12-14', 16.72);
insert into mediciones (idMediciones,IdSensor, fecha, Medida) values (250,1, '2022-09-16', 25.19);
insert into mediciones (idMediciones,IdSensor, fecha, Medida) values (251,1, '2022-06-27', 16.65);
insert into mediciones (idMediciones,IdSensor, fecha, Medida) values (252,1, '2022-08-11', 7.12);
insert into mediciones (idMediciones,IdSensor, fecha, Medida) values (253,1, '2023-03-13', 18.23);
insert into mediciones (idMediciones,IdSensor, fecha, Medida) values (254,1, '2022-10-12', 18.04);
insert into mediciones (idMediciones,IdSensor, fecha, Medida) values (255,1, '2023-04-08', 11.17);
insert into mediciones (idMediciones,IdSensor, fecha, Medida) values (256,1, '2023-02-07', 28.96);
insert into mediciones (idMediciones,IdSensor, fecha, Medida) values (257,1, '2023-03-20', 10.64);
insert into mediciones (idMediciones,IdSensor, fecha, Medida) values (260,1, '2023-01-21', 20.74);
insert into mediciones (idMediciones,IdSensor, fecha, Medida) values (261,1, '2022-08-08', 24.78);
insert into mediciones (idMediciones,IdSensor, fecha, Medida) values (262,1, '2022-07-30', 19.82);
insert into mediciones (idMediciones,IdSensor, fecha, Medida) values (263,1, '2023-01-17', 14.94);
insert into mediciones (idMediciones,IdSensor, fecha, Medida) values (264,1, '2023-05-15', 8.39);
insert into mediciones (idMediciones,IdSensor, fecha, Medida) values (265,1, '2023-04-21', 14.06);
insert into mediciones (idMediciones,IdSensor, fecha, Medida) values (266,1, '2022-11-01', 27.36);
insert into mediciones (idMediciones,IdSensor, fecha, Medida) values (267,1, '2022-07-14', 17.1);
insert into mediciones (idMediciones,IdSensor, fecha, Medida) values (268,1, '2022-08-16', 22.75);
insert into mediciones (idMediciones,IdSensor, fecha, Medida) values (269,1, '2022-10-29', 15.82);
insert into mediciones (idMediciones,IdSensor, fecha, Medida) values (270,1, '2022-07-15', 7.51);
insert into mediciones (idMediciones,IdSensor, fecha, Medida) values (271,1, '2022-11-09', 6.18);
insert into mediciones (idMediciones,IdSensor, fecha, Medida) values (272,1, '2023-02-28', 29.56);
insert into mediciones (idMediciones,IdSensor, fecha, Medida) values (273,1, '2022-11-25', 23.83);
insert into mediciones (idMediciones,IdSensor, fecha, Medida) values (274,1, '2023-06-14', 15.01);
insert into mediciones (idMediciones,IdSensor, fecha, Medida) values (275,1, '2022-09-21', 18.96);
insert into mediciones (idMediciones,IdSensor, fecha, Medida) values (276,1, '2022-09-23', 21.92);
insert into mediciones (idMediciones,IdSensor, fecha, Medida) values (277,1, '2022-07-06', 22.99);
insert into mediciones (idMediciones,IdSensor, fecha, Medida) values (278,1, '2022-12-10', 12.74);
insert into mediciones (idMediciones,IdSensor, fecha, Medida) values (279,1, '2023-05-23', 22.18);
insert into mediciones (idMediciones,IdSensor, fecha, Medida) values (280,1, '2023-06-07', 24.04);
insert into mediciones (idMediciones,IdSensor, fecha, Medida) values (281,1, '2023-04-08', 26.69);
insert into mediciones (idMediciones,IdSensor, fecha, Medida) values (282,1, '2023-01-15', 27.97);
insert into mediciones (idMediciones,IdSensor, fecha, Medida) values (283,1, '2023-01-04', 12.27);
insert into mediciones (idMediciones,IdSensor, fecha, Medida) values (284,1, '2023-03-02', 29.16);
insert into mediciones (idMediciones, IdSensor, fecha, Medida) values (285, 2, '2022-06-26', 12.45);
insert into mediciones (idMediciones, IdSensor, fecha, Medida) values (286, 2, '2022-11-02', 9.55);
insert into mediciones (idMediciones, IdSensor, fecha, Medida) values (287, 2, '2022-07-16', 7.35);
insert into mediciones (idMediciones, IdSensor, fecha, Medida) values (288, 2, '2022-11-29', 8.56);
insert into mediciones (idMediciones, IdSensor, fecha, Medida) values (289, 2, '2023-04-06', 9.93);
insert into mediciones (idMediciones, IdSensor, fecha, Medida) values (290, 2, '2023-05-11', 3.94);
insert into mediciones (idMediciones, IdSensor, fecha, Medida) values (291, 2, '2022-11-16', 5.42);
insert into mediciones (idMediciones, IdSensor, fecha, Medida) values (292, 2, '2023-02-09', 7.45);
insert into mediciones (idMediciones, IdSensor, fecha, Medida) values (293, 2, '2022-08-04', 2.03);
insert into mediciones (idMediciones, IdSensor, fecha, Medida) values (294, 2, '2023-05-25', 10.03);
insert into mediciones (idMediciones, IdSensor, fecha, Medida) values (295, 2, '2023-01-26', 8.33);
insert into mediciones (idMediciones, IdSensor, fecha, Medida) values (296, 2, '2022-12-05', 6.25);
insert into mediciones (idMediciones, IdSensor, fecha, Medida) values (297, 2, '2022-12-20', 13.55);
insert into mediciones (idMediciones, IdSensor, fecha, Medida) values (298, 2, '2023-05-13', 6.55);
insert into mediciones (idMediciones, IdSensor, fecha, Medida) values (299, 2, '2022-08-28', 12.83);
insert into mediciones (idMediciones, IdSensor, fecha, Medida) values (300, 2, '2023-02-19', 10.86);
insert into mediciones (idMediciones, IdSensor, fecha, Medida) values (301, 2, '2022-11-19', 2.02);
insert into mediciones (idMediciones, IdSensor, fecha, Medida) values (302, 2, '2023-03-01', 0.22);
insert into mediciones (idMediciones, IdSensor, fecha, Medida) values (303, 2, '2022-08-27', 2.81);
insert into mediciones (idMediciones, IdSensor, fecha, Medida) values (304, 2, '2022-11-04', 2.1);
insert into mediciones (idMediciones, IdSensor, fecha, Medida) values (305, 2, '2022-11-18', 8.71);
insert into mediciones (idMediciones, IdSensor, fecha, Medida) values (306, 2, '2023-03-26', 9.41);
insert into mediciones (idMediciones, IdSensor, fecha, Medida) values (307, 2, '2022-12-06', 6.01);
insert into mediciones (idMediciones, IdSensor, fecha, Medida) values (308, 2, '2023-05-16', 6.17);
insert into mediciones (idMediciones, IdSensor, fecha, Medida) values (309, 2, '2022-12-05', 7.5);
insert into mediciones (idMediciones, IdSensor, fecha, Medida) values (310, 2, '2023-03-16', 12.97);
insert into mediciones (idMediciones, IdSensor, fecha, Medida) values (311, 2, '2022-07-13', 8.1);
insert into mediciones (idMediciones, IdSensor, fecha, Medida) values (312, 2, '2023-05-24', 6.99);
insert into mediciones (idMediciones, IdSensor, fecha, Medida) values (313, 2, '2023-03-05', 7.23);
insert into mediciones (idMediciones, IdSensor, fecha, Medida) values (314, 2, '2022-12-13', 8.98);
insert into mediciones (idMediciones, IdSensor, fecha, Medida) values (315, 2, '2022-12-25', 13.0);
insert into mediciones (idMediciones, IdSensor, fecha, Medida) values (316, 2, '2023-03-01', 6.56);
insert into mediciones (idMediciones, IdSensor, fecha, Medida) values (317, 2, '2023-05-11', 1.65);
insert into mediciones (idMediciones, IdSensor, fecha, Medida) values (318, 2, '2022-08-11', 9.95);
insert into mediciones (idMediciones, IdSensor, fecha, Medida) values (319, 2, '2022-10-29', 2.8);
insert into mediciones (idMediciones, IdSensor, fecha, Medida) values (320, 2, '2022-07-30', 7.41);
insert into mediciones (idMediciones, IdSensor, fecha, Medida) values (321, 2, '2022-06-19', 1.57);
insert into mediciones (idMediciones, IdSensor, fecha, Medida) values (322, 2, '2023-04-09', 5.01);
insert into mediciones (idMediciones, IdSensor, fecha, Medida) values (323, 2, '2022-08-14', 13.68);
insert into mediciones (idMediciones, IdSensor, fecha, Medida) values (324, 2, '2022-09-04', 2.6);
insert into mediciones (idMediciones, IdSensor, fecha, Medida) values (325, 2, '2023-04-26', 11.13);
insert into mediciones (idMediciones, IdSensor, fecha, Medida) values (326, 2, '2022-09-20', 2.28);
insert into mediciones (idMediciones, IdSensor, fecha, Medida) values (327, 2, '2023-01-11', 7.6);
insert into mediciones (idMediciones, IdSensor, fecha, Medida) values (328, 2, '2023-03-15', 10.95);
insert into mediciones (idMediciones, IdSensor, fecha, Medida) values (329, 2, '2022-06-23', 6.78);
insert into mediciones (idMediciones, IdSensor, fecha, Medida) values (330, 2, '2022-07-21', 12.06);
insert into mediciones (idMediciones, IdSensor, fecha, Medida) values (331, 2, '2022-08-12', 4.09);
insert into mediciones (idMediciones, IdSensor, fecha, Medida) values (332, 2, '2022-12-30', 7.17);
insert into mediciones (idMediciones, IdSensor, fecha, Medida) values (333, 2, '2023-02-22', 5.94);
insert into mediciones (idMediciones, IdSensor, fecha, Medida) values (334, 2, '2023-05-05', 9.74);
insert into mediciones (idMediciones, IdSensor, fecha, Medida) values (335, 2, '2022-09-07', 9.42);
insert into mediciones (idMediciones, IdSensor, fecha, Medida) values (336, 2, '2023-04-25', 6.59);
insert into mediciones (idMediciones, IdSensor, fecha, Medida) values (337, 2, '2022-12-13', 8.87);
insert into mediciones (idMediciones, IdSensor, fecha, Medida) values (338, 2, '2022-06-19', 7.66);
insert into mediciones (idMediciones, IdSensor, fecha, Medida) values (339, 2, '2023-02-10', 8.68);
insert into mediciones (idMediciones, IdSensor, fecha, Medida) values (340, 2, '2022-10-12', 4.26);
insert into mediciones (idMediciones, IdSensor, fecha, Medida) values (341, 2, '2023-05-09', 1.75);
insert into mediciones (idMediciones, IdSensor, fecha, Medida) values (342, 2, '2023-01-05', 10.49);
insert into mediciones (idMediciones, IdSensor, fecha, Medida) values (343, 2, '2022-07-02', 5.01);
insert into mediciones (idMediciones, IdSensor, fecha, Medida) values (344, 2, '2023-06-05', 8.18);
insert into mediciones (idMediciones, IdSensor, fecha, Medida) values (345, 2, '2023-03-25', 7.22);
insert into mediciones (idMediciones, IdSensor, fecha, Medida) values (346, 2, '2023-04-02', 4.05);
insert into mediciones (idMediciones, IdSensor, fecha, Medida) values (347, 2, '2023-04-01', 5.8);
insert into mediciones (idMediciones, IdSensor, fecha, Medida) values (348, 2, '2023-05-23', 4.45);
insert into mediciones (idMediciones, IdSensor, fecha, Medida) values (349, 2, '2023-02-28', 12.83);
insert into mediciones (idMediciones, IdSensor, fecha, Medida) values (350, 2, '2023-03-03', 4.0);
insert into mediciones (idMediciones, IdSensor, fecha, Medida) values (351, 2, '2023-04-03', 2.71);
insert into mediciones (idMediciones, IdSensor, fecha, Medida) values (352, 2, '2023-02-25', 6.7);
insert into mediciones (idMediciones, IdSensor, fecha, Medida) values (353, 2, '2022-09-25', 7.16);
insert into mediciones (idMediciones, IdSensor, fecha, Medida) values (354, 2, '2022-11-23', 12.39);
insert into mediciones (idMediciones, IdSensor, fecha, Medida) values (355, 2, '2023-06-06', 8.6);
insert into mediciones (idMediciones, IdSensor, fecha, Medida) values (356, 2, '2023-06-13', 6.48);
insert into mediciones (idMediciones, IdSensor, fecha, Medida) values (357, 2, '2023-03-08', 4.75);
insert into mediciones (idMediciones, IdSensor, fecha, Medida) values (358, 2, '2022-09-21', 6.53);
insert into mediciones (idMediciones, IdSensor, fecha, Medida) values (359, 2, '2023-06-08', 7.48);
insert into mediciones (idMediciones, IdSensor, fecha, Medida) values (360, 2, '2023-01-05', 7.96);
insert into mediciones (idMediciones, IdSensor, fecha, Medida) values (361, 2, '2023-04-07', 7.1);
insert into mediciones (idMediciones, IdSensor, fecha, Medida) values (367, 2, '2022-11-03', 4.71);
insert into mediciones (idMediciones, IdSensor, fecha, Medida) values (368, 2, '2022-07-20', 8.12);
insert into mediciones (idMediciones, IdSensor, fecha, Medida) values (369, 2, '2023-02-08', 11.43);
insert into mediciones (idMediciones, IdSensor, fecha, Medida) values (370, 2, '2023-01-26', 10.91);
insert into mediciones (idMediciones, IdSensor, fecha, Medida) values (371, 2, '2023-03-24', 5.6);
insert into mediciones (idMediciones, IdSensor, fecha, Medida) values (372, 2, '2023-05-26', 2.39);
insert into mediciones (idMediciones, IdSensor, fecha, Medida) values (373, 2, '2022-12-07', 1.48);
insert into mediciones (idMediciones, IdSensor, fecha, Medida) values (374, 2, '2022-06-18', 3.18);
insert into mediciones (idMediciones, IdSensor, fecha, Medida) values (375, 2, '2023-05-05', 4.16);
insert into mediciones (idMediciones, IdSensor, fecha, Medida) values (376, 2, '2023-01-20', 7.86);
insert into mediciones (idMediciones, IdSensor, fecha, Medida) values (377, 2, '2022-08-16', 7.31);
insert into mediciones (idMediciones, IdSensor, fecha, Medida) values (378, 2, '2023-03-31', 7.17);
insert into mediciones (idMediciones, IdSensor, fecha, Medida) values (379, 2, '2023-04-04', 5.02);
insert into mediciones (idMediciones, IdSensor, fecha, Medida) values (380, 2, '2023-02-21', 4.84);
insert into mediciones (idMediciones, IdSensor, fecha, Medida) values (381, 2, '2023-02-13', 11.55);
insert into mediciones (idMediciones, IdSensor, fecha, Medida) values (382, 2, '2022-11-04', 7.66);
insert into mediciones (idMediciones, IdSensor, fecha, Medida) values (383, 2, '2023-05-17', 6.31);
insert into mediciones (idMediciones, IdSensor, fecha, Medida) values (384, 2, '2022-10-07', 13.43);
insert into mediciones (idMediciones, IdSensor, fecha, Medida) values (385, 2, '2023-02-16', 7.99);
insert into mediciones (idMediciones, IdSensor, fecha, Medida) values (386, 2, '2023-02-02', 7.32);
insert into mediciones (idMediciones, IdSensor, fecha, Medida) values (387, 2, '2023-05-13', 4.58);
insert into mediciones (idMediciones, IdSensor, fecha, Medida) values (388, 2, '2022-11-09', 8.76);
insert into mediciones (idMediciones, IdSensor, fecha, Medida) values (389, 2, '2022-11-25', 7.54);
insert into mediciones (idMediciones, IdSensor, fecha, Medida) values (390, 2, '2022-08-26', 6.96);
insert into mediciones (idMediciones, IdSensor, fecha, Medida) values (391, 2, '2022-11-22', 8.72);
insert into mediciones (idMediciones, IdSensor, fecha, Medida) values (392, 2, '2022-12-12', 6.71);
insert into mediciones (idMediciones, IdSensor, fecha, Medida) values (393, 2, '2022-12-01', 7.52);
insert into mediciones (idMediciones, IdSensor, fecha, Medida) values (394, 2, '2022-11-28', 13.26);
insert into mediciones (idMediciones, IdSensor, fecha, Medida) values (395, 2, '2022-10-23', 5.75);
insert into mediciones (idMediciones, IdSensor, fecha, Medida) values (396, 2, '2023-03-07', 13.91);
insert into mediciones (idMediciones, IdSensor, fecha, Medida) values (397, 2, '2022-12-05', 5.82);
insert into mediciones (idMediciones, IdSensor, fecha, Medida) values (398, 2, '2022-12-15', 7.25);
insert into mediciones (idMediciones, IdSensor, fecha, Medida) values (399, 2, '2022-06-22', 2.18);
insert into mediciones (idMediciones, IdSensor, fecha, Medida) values (400, 2, '2022-10-05', 8.41);
insert into mediciones (idMediciones, IdSensor, fecha, Medida) values (401, 2, '2023-03-07', 4.33);
insert into mediciones (idMediciones, IdSensor, fecha, Medida) values (402, 2, '2023-04-30', 10.43);
insert into mediciones (idMediciones, IdSensor, fecha, Medida) values (403, 2, '2022-12-25', 2.91);
insert into mediciones (idMediciones, IdSensor, fecha, Medida) values (404, 2, '2022-07-27', 11.51);
insert into mediciones (idMediciones, IdSensor, fecha, Medida) values (405, 2, '2023-06-17', 9.88);
insert into mediciones (idMediciones, IdSensor, fecha, Medida) values (406, 2, '2022-12-29', 3.77);
insert into mediciones (idMediciones, IdSensor, fecha, Medida) values (407, 2, '2022-10-01', 8.34);
insert into mediciones (idMediciones, IdSensor, fecha, Medida) values (408, 2, '2023-03-18', 10.81);
insert into mediciones (idMediciones, IdSensor, fecha, Medida) values (409, 2, '2023-04-23', 5.34);
insert into mediciones (idMediciones, IdSensor, fecha, Medida) values (410, 2, '2023-04-27', 4.72);
insert into mediciones (idMediciones, IdSensor, fecha, Medida) values (411, 2, '2022-10-09', 5.84);
insert into mediciones (idMediciones, IdSensor, fecha, Medida) values (412, 2, '2023-06-12', 3.38);
insert into mediciones (idMediciones, IdSensor, fecha, Medida) values (413, 2, '2022-11-03', 2.28);
insert into mediciones (idMediciones, IdSensor, fecha, Medida) values (414, 2, '2022-09-18', 2.51);
insert into mediciones (idMediciones, IdSensor, fecha, Medida) values (415, 2, '2022-11-07', 2.27);
insert into mediciones (idMediciones, IdSensor, fecha, Medida) values (416, 2, '2023-02-04', 1.07);
insert into mediciones (idMediciones, IdSensor, fecha, Medida) values (417, 2, '2023-01-15', 4.8);
insert into mediciones (idMediciones, IdSensor, fecha, Medida) values (418, 2, '2022-08-07', 5.6);
insert into mediciones (idMediciones, IdSensor, fecha, Medida) values (419, 2, '2022-08-05', 12.46);
insert into mediciones (idMediciones, IdSensor, fecha, Medida) values (420, 2, '2022-11-14', 6.29);
insert into mediciones (idMediciones, IdSensor, fecha, Medida) values (421, 2, '2022-07-03', 5.47);
insert into mediciones (idMediciones, IdSensor, fecha, Medida) values (422, 2, '2022-09-30', 10.83);
insert into mediciones (idMediciones, IdSensor, fecha, Medida) values (423, 2, '2023-03-15', 12.87);
insert into mediciones (idMediciones, IdSensor, fecha, Medida) values (424, 2, '2022-09-04', 4.15);
insert into mediciones (idMediciones, IdSensor, fecha, Medida) values (425, 2, '2022-09-28', 0.55);
insert into mediciones (idMediciones, IdSensor, fecha, Medida) values (426, 2, '2022-09-30', 5.36);
insert into mediciones (idMediciones, IdSensor, fecha, Medida) values (427, 2, '2023-02-07', 7.17);
insert into mediciones (idMediciones, IdSensor, fecha, Medida) values (428, 2, '2022-11-28', 2.7);
insert into mediciones (idMediciones, IdSensor, fecha, Medida) values (429, 2, '2023-03-07', 9.24);
insert into mediciones (idMediciones, IdSensor, fecha, Medida) values (430, 2, '2022-06-26', 3.11);
insert into mediciones (idMediciones, IdSensor, fecha, Medida) values (431, 2, '2022-11-04', 9.59);
insert into mediciones (idMediciones, IdSensor, fecha, Medida) values (432, 2, '2022-07-21', 7.97);
insert into mediciones (idMediciones, IdSensor, fecha, Medida) values (433, 2, '2022-09-23', 9.27);
insert into mediciones (idMediciones, IdSensor, fecha, Medida) values (434, 2, '2023-04-08', 2.31);
insert into mediciones (idMediciones, IdSensor, fecha, Medida) values (435, 2, '2022-10-26', 2.76);
insert into mediciones (idMediciones, IdSensor, fecha, Medida) values (436, 2, '2022-06-25', 1.01);
insert into mediciones (idMediciones, IdSensor, fecha, Medida) values (437, 2, '2022-10-03', 2.08);
insert into mediciones (idMediciones, IdSensor, fecha, Medida) values (438, 2, '2022-10-30', 2.41);
insert into mediciones (idMediciones, IdSensor, fecha, Medida) values (439, 2, '2023-06-14', 2.26);
insert into mediciones (idMediciones, IdSensor, fecha, Medida) values (440, 2, '2022-11-24', 6.58);
insert into mediciones (idMediciones, IdSensor, fecha, Medida) values (441, 2, '2022-09-01', 2.21);
insert into mediciones (idMediciones, IdSensor, fecha, Medida) values (442, 2, '2022-08-27', 1.1);
insert into mediciones (idMediciones, IdSensor, fecha, Medida) values (443, 2, '2023-02-03', 2.57);
insert into mediciones (idMediciones, IdSensor, fecha, Medida) values (444, 2, '2023-06-11', 13.05);
insert into mediciones (idMediciones, IdSensor, fecha, Medida) values (445, 2, '2023-02-25', 6.81);
insert into mediciones (idMediciones, IdSensor, fecha, Medida) values (446, 2, '2022-11-04', 4.37);
insert into mediciones (idMediciones, IdSensor, fecha, Medida) values (447, 2, '2022-12-11', 2.94);
insert into mediciones (idMediciones, IdSensor, fecha, Medida) values (448, 2, '2023-05-16', 4.31);
insert into mediciones (idMediciones, IdSensor, fecha, Medida) values (449, 2, '2022-11-11', 1.3);
insert into mediciones (idMediciones, IdSensor, fecha, Medida) values (450, 2, '2023-03-05', 5.71);
insert into mediciones (idMediciones, IdSensor, fecha, Medida) values (451, 2, '2023-04-05', 8.23);
insert into mediciones (idMediciones, IdSensor, fecha, Medida) values (452, 2, '2023-01-11', 5.39);
insert into mediciones (idMediciones, IdSensor, fecha, Medida) values (453, 2, '2023-03-19', 9.29);
insert into mediciones (idMediciones, IdSensor, fecha, Medida) values (454, 2, '2022-11-08', 9.03);
insert into mediciones (idMediciones, IdSensor, fecha, Medida) values (455, 2, '2023-05-09', 12.81);
insert into mediciones (idMediciones, IdSensor, fecha, Medida) values (456, 2, '2023-01-12', 2.43);
insert into mediciones (idMediciones, IdSensor, fecha, Medida) values (457, 2, '2022-09-18', 7.64);
insert into mediciones (idMediciones, IdSensor, fecha, Medida) values (458, 2, '2023-02-19', 1.69);
insert into mediciones (idMediciones, IdSensor, fecha, Medida) values (459, 2, '2023-04-08', 8.05);
insert into mediciones (idMediciones, IdSensor, fecha, Medida) values (460, 2, '2023-04-17', 4.58);
insert into mediciones (idMediciones, IdSensor, fecha, Medida) values (461, 2, '2023-02-25', 5.11);
insert into mediciones (idMediciones, IdSensor, fecha, Medida) values (462, 2, '2023-02-14', 2.33);
insert into mediciones (idMediciones, IdSensor, fecha, Medida) values (463, 2, '2023-06-09', 7.93);
insert into mediciones (idMediciones, IdSensor, fecha, Medida) values (464, 2, '2023-01-25', 6.57);
insert into mediciones (idMediciones, IdSensor, fecha, Medida) values (465, 2, '2022-12-22', 5.84);
insert into mediciones (idMediciones, IdSensor, fecha, Medida) values (466, 2, '2023-06-17', 7.26);
insert into mediciones (idMediciones, IdSensor, fecha, Medida) values (467, 2, '2023-03-24', 6.02);
insert into mediciones (idMediciones, IdSensor, fecha, Medida) values (468, 2, '2023-06-13', 8.1);
insert into mediciones (idMediciones, IdSensor, fecha, Medida) values (469, 2, '2023-04-04', 1.8);
insert into mediciones (idMediciones, IdSensor, fecha, Medida) values (470, 2, '2023-04-03', 6.66);
insert into mediciones (idMediciones, IdSensor, fecha, Medida) values (471, 2, '2023-05-27', 1.89);
insert into mediciones (idMediciones, IdSensor, fecha, Medida) values (472, 2, '2022-12-12', 9.04);
insert into mediciones (idMediciones, IdSensor, fecha, Medida) values (473, 2, '2022-08-06', 7.08);
insert into mediciones (idMediciones, IdSensor, fecha, Medida) values (474, 2, '2023-03-18', 11.75);
insert into mediciones (idMediciones, IdSensor, fecha, Medida) values (475, 2, '2023-03-19', 1.86);
insert into mediciones (idMediciones, IdSensor, fecha, Medida) values (476, 2, '2022-09-12', 5.44);
insert into mediciones (idMediciones, IdSensor, fecha, Medida) values (477, 2, '2022-08-19', 2.45);
insert into mediciones (idMediciones, IdSensor, fecha, Medida) values (478, 2, '2023-03-22', 1.19);
insert into mediciones (idMediciones, IdSensor, fecha, Medida) values (479, 2, '2022-08-01', 7.77);
insert into mediciones (idMediciones, IdSensor, fecha, Medida) values (480, 2, '2022-10-08', 7.76);
insert into mediciones (idMediciones, IdSensor, fecha, Medida) values (481, 2, '2023-02-06', 8.99);
insert into mediciones (idMediciones, IdSensor, fecha, Medida) values (482, 2, '2023-05-08', 1.79);
insert into mediciones (idMediciones, IdSensor, fecha, Medida) values (483, 2, '2023-05-24', 7.15);
insert into mediciones (idMediciones, IdSensor, fecha, Medida) values (484, 2, '2022-09-03', 12.46);
insert into mediciones (idMediciones, IdSensor, fecha, Medida) values (485, 2, '2022-08-12', 10.75);
insert into mediciones (idMediciones, IdSensor, fecha, Medida) values (486, 2, '2023-06-05', 11.11);
insert into mediciones (idMediciones, IdSensor, fecha, Medida) values (487, 2, '2023-06-11', 9.32);
insert into mediciones (idMediciones, IdSensor, fecha, Medida) values (488, 2, '2023-03-15', 12.18);
insert into mediciones (idMediciones, IdSensor, fecha, Medida) values (489, 2, '2022-10-28', 13.78);
insert into mediciones (idMediciones, IdSensor, fecha, Medida) values (490, 3, '2023-06-07', 0.6);
insert into mediciones (idMediciones, IdSensor, fecha, Medida) values (491, 3, '2022-09-05', 38.6);
insert into mediciones (idMediciones, IdSensor, fecha, Medida) values (492, 3, '2023-05-06', 7.7);
insert into mediciones (idMediciones, IdSensor, fecha, Medida) values (493, 3, '2022-09-08', 65.5);
insert into mediciones (idMediciones, IdSensor, fecha, Medida) values (494, 3, '2022-10-20', 95.1);
insert into mediciones (idMediciones, IdSensor, fecha, Medida) values (495, 3, '2022-10-23', 32.0);
insert into mediciones (idMediciones, IdSensor, fecha, Medida) values (496, 3, '2023-06-04', 47.4);
insert into mediciones (idMediciones, IdSensor, fecha, Medida) values (497, 3, '2022-11-08', 5.1);
insert into mediciones (idMediciones, IdSensor, fecha, Medida) values (498, 3, '2023-05-20', 40.5);
insert into mediciones (idMediciones, IdSensor, fecha, Medida) values (499, 3, '2022-12-18', 66.3);
insert into mediciones (idMediciones, IdSensor, fecha, Medida) values (500, 3, '2023-01-10', 96.0);
insert into mediciones (idMediciones, IdSensor, fecha, Medida) values (501, 3, '2023-05-05', 22.7);
insert into mediciones (idMediciones, IdSensor, fecha, Medida) values (502, 3, '2023-03-03', 87.5);
insert into mediciones (idMediciones, IdSensor, fecha, Medida) values (503, 3, '2022-11-17', 81.2);
insert into mediciones (idMediciones, IdSensor, fecha, Medida) values (504, 3, '2023-06-06', 94.0);
insert into mediciones (idMediciones, IdSensor, fecha, Medida) values (505, 3, '2023-06-10', 84.6);
insert into mediciones (idMediciones, IdSensor, fecha, Medida) values (506, 3, '2022-11-16', 94.0);
insert into mediciones (idMediciones, IdSensor, fecha, Medida) values (507, 3, '2023-03-21', 86.7);
insert into mediciones (idMediciones, IdSensor, fecha, Medida) values (508, 3, '2023-04-20', 32.2);
insert into mediciones (idMediciones, IdSensor, fecha, Medida) values (509, 3, '2022-08-21', 57.2);
insert into mediciones (idMediciones, IdSensor, fecha, Medida) values (510, 3, '2023-01-02', 31.4);
insert into mediciones (idMediciones, IdSensor, fecha, Medida) values (511, 3, '2023-01-18', 75.6);
insert into mediciones (idMediciones, IdSensor, fecha, Medida) values (512, 3, '2023-04-26', 73.1);
insert into mediciones (idMediciones, IdSensor, fecha, Medida) values (513, 3, '2022-12-01', 18.7);
insert into mediciones (idMediciones, IdSensor, fecha, Medida) values (514, 3, '2023-04-30', 54.8);
insert into mediciones (idMediciones, IdSensor, fecha, Medida) values (515, 3, '2022-12-24', 85.5);
insert into mediciones (idMediciones, IdSensor, fecha, Medida) values (516, 3, '2023-03-20', 72.9);
insert into mediciones (idMediciones, IdSensor, fecha, Medida) values (517, 3, '2022-09-19', 4.3);
insert into mediciones (idMediciones, IdSensor, fecha, Medida) values (518, 3, '2023-05-17', 49.0);
insert into mediciones (idMediciones, IdSensor, fecha, Medida) values (519, 3, '2023-01-30', 49.6);
insert into mediciones (idMediciones, IdSensor, fecha, Medida) values (520, 3, '2022-11-03', 46.3);
insert into mediciones (idMediciones, IdSensor, fecha, Medida) values (521, 3, '2022-09-11', 53.2);
insert into mediciones (idMediciones, IdSensor, fecha, Medida) values (522, 3, '2022-12-20', 66.5);
insert into mediciones (idMediciones, IdSensor, fecha, Medida) values (523, 3, '2022-07-29', 75.0);
insert into mediciones (idMediciones, IdSensor, fecha, Medida) values (524, 3, '2022-11-18', 65.4);
insert into mediciones (idMediciones, IdSensor, fecha, Medida) values (525, 3, '2023-05-24', 34.6);
insert into mediciones (idMediciones, IdSensor, fecha, Medida) values (526, 3, '2022-07-30', 11.8);
insert into mediciones (idMediciones, IdSensor, fecha, Medida) values (527, 3, '2022-06-21', 39.7);
insert into mediciones (idMediciones, IdSensor, fecha, Medida) values (528, 3, '2023-04-03', 35.0);
insert into mediciones (idMediciones, IdSensor, fecha, Medida) values (529, 3, '2022-08-03', 20.8);
insert into mediciones (idMediciones, IdSensor, fecha, Medida) values (530, 3, '2022-11-03', 89.0);
insert into mediciones (idMediciones, IdSensor, fecha, Medida) values (531, 3, '2023-01-03', 42.5);
insert into mediciones (idMediciones, IdSensor, fecha, Medida) values (532, 3, '2023-01-31', 71.7);
insert into mediciones (idMediciones, IdSensor, fecha, Medida) values (533, 3, '2022-08-24', 82.4);
insert into mediciones (idMediciones, IdSensor, fecha, Medida) values (534, 3, '2023-02-02', 97.6);
insert into mediciones (idMediciones, IdSensor, fecha, Medida) values (535, 3, '2023-05-09', 16.4);
insert into mediciones (idMediciones, IdSensor, fecha, Medida) values (536, 3, '2022-06-30', 83.1);
insert into mediciones (idMediciones, IdSensor, fecha, Medida) values (537, 3, '2022-12-21', 50.2);
insert into mediciones (idMediciones, IdSensor, fecha, Medida) values (538, 3, '2022-10-13', 82.4);
insert into mediciones (idMediciones, IdSensor, fecha, Medida) values (539, 3, '2022-09-12', 49.1);
insert into mediciones (idMediciones, IdSensor, fecha, Medida) values (540, 4, '2022-08-11', 677.3);
insert into mediciones (idMediciones, IdSensor, fecha, Medida) values (541, 4, '2022-08-09', 761.3);
insert into mediciones (idMediciones, IdSensor, fecha, Medida) values (542, 4, '2023-04-07', 1820.9);
insert into mediciones (idMediciones, IdSensor, fecha, Medida) values (543, 4, '2022-06-19', 970.2);
insert into mediciones (idMediciones, IdSensor, fecha, Medida) values (544, 4, '2022-08-24', 480.3);
insert into mediciones (idMediciones, IdSensor, fecha, Medida) values (545, 4, '2023-04-03', 1779.8);
insert into mediciones (idMediciones, IdSensor, fecha, Medida) values (546, 4, '2022-10-01', 1842.9);
insert into mediciones (idMediciones, IdSensor, fecha, Medida) values (547, 4, '2023-03-19', 1877.1);
insert into mediciones (idMediciones, IdSensor, fecha, Medida) values (548, 4, '2023-06-13', 1991.1);
insert into mediciones (idMediciones, IdSensor, fecha, Medida) values (549, 4, '2022-08-04', 1865.7);
insert into mediciones (idMediciones, IdSensor, fecha, Medida) values (550, 4, '2023-05-22', 1274.2);
insert into mediciones (idMediciones, IdSensor, fecha, Medida) values (551, 4, '2022-06-18', 1204.4);
insert into mediciones (idMediciones, IdSensor, fecha, Medida) values (552, 4, '2022-07-09', 1834.2);
insert into mediciones (idMediciones, IdSensor, fecha, Medida) values (553, 4, '2022-09-24', 1365.9);
insert into mediciones (idMediciones, IdSensor, fecha, Medida) values (554, 4, '2023-04-22', 391.3);
insert into mediciones (idMediciones, IdSensor, fecha, Medida) values (555, 4, '2022-11-25', 668.2);
insert into mediciones (idMediciones, IdSensor, fecha, Medida) values (556, 4, '2023-05-29', 1468.5);
insert into mediciones (idMediciones, IdSensor, fecha, Medida) values (557, 4, '2022-06-21', 425.6);
insert into mediciones (idMediciones, IdSensor, fecha, Medida) values (558, 4, '2022-11-18', 1523.5);
insert into mediciones (idMediciones, IdSensor, fecha, Medida) values (559, 4, '2023-03-11', 1035.6);
insert into mediciones (idMediciones, IdSensor, fecha, Medida) values (560, 4, '2022-11-12', 564.7);
insert into mediciones (idMediciones, IdSensor, fecha, Medida) values (561, 4, '2023-05-02', 1752.6);
insert into mediciones (idMediciones, IdSensor, fecha, Medida) values (562, 4, '2022-11-21', 750.4);
insert into mediciones (idMediciones, IdSensor, fecha, Medida) values (563, 4, '2022-06-26', 1740.3);
insert into mediciones (idMediciones, IdSensor, fecha, Medida) values (564, 4, '2023-04-19', 1417.7);
insert into mediciones (idMediciones, IdSensor, fecha, Medida) values (567, 4, '2022-08-17', 436.7);
insert into mediciones (idMediciones, IdSensor, fecha, Medida) values (568, 4, '2023-01-01', 485.0);
insert into mediciones (idMediciones, IdSensor, fecha, Medida) values (569, 4, '2023-02-20', 1042.0);
insert into mediciones (idMediciones, IdSensor, fecha, Medida) values (570, 4, '2023-03-09', 1816.9);
insert into mediciones (idMediciones, IdSensor, fecha, Medida) values (571, 4, '2022-11-11', 1409.3);
insert into mediciones (idMediciones, IdSensor, fecha, Medida) values (572, 4, '2023-04-06', 1127.4);
insert into mediciones (idMediciones, IdSensor, fecha, Medida) values (573, 4, '2022-10-10', 1979.9);
insert into mediciones (idMediciones, IdSensor, fecha, Medida) values (574, 4, '2022-10-20', 563.3);
insert into mediciones (idMediciones, IdSensor, fecha, Medida) values (575, 4, '2022-08-02', 887.8);
insert into mediciones (idMediciones, IdSensor, fecha, Medida) values (576, 4, '2022-12-16', 920.1);
insert into mediciones (idMediciones, IdSensor, fecha, Medida) values (577, 4, '2023-05-07', 1772.1);
insert into mediciones (idMediciones, IdSensor, fecha, Medida) values (578, 4, '2023-02-17', 1440.0);
insert into mediciones (idMediciones, IdSensor, fecha, Medida) values (579, 4, '2023-01-03', 908.2);
insert into mediciones (idMediciones, IdSensor, fecha, Medida) values (580, 4, '2022-12-03', 1713.0);
insert into mediciones (idMediciones, IdSensor, fecha, Medida) values (581, 4, '2023-06-07', 1138.8);
insert into mediciones (idMediciones, IdSensor, fecha, Medida) values (582, 4, '2022-10-11', 774.0);
insert into mediciones (idMediciones, IdSensor, fecha, Medida) values (583, 4, '2023-06-15', 1069.2);
insert into mediciones (idMediciones, IdSensor, fecha, Medida) values (584, 4, '2023-02-23', 1741.7);
insert into mediciones (idMediciones, IdSensor, fecha, Medida) values (585, 4, '2022-08-10', 1574.8);
insert into mediciones (idMediciones, IdSensor, fecha, Medida) values (586, 4, '2023-03-16', 671.7);
insert into mediciones (idMediciones, IdSensor, fecha, Medida) values (587, 4, '2022-10-26', 616.3);
insert into mediciones (idMediciones, IdSensor, fecha, Medida) values (588, 4, '2023-05-25', 493.9);
insert into mediciones (idMediciones, IdSensor, fecha, Medida) values (589, 4, '2022-09-25', 1949.4);
insert into mediciones (idMediciones, IdSensor, fecha, Medida) values (590, 4, '2022-11-16', 399.1);
insert into mediciones (idMediciones, IdSensor, fecha, Medida) values (591, 4, '2022-10-05', 1335.3);
insert into mediciones (idMediciones, IdSensor, fecha, Medida) values (592, 5, '2022-10-18', 19.7);
insert into mediciones (idMediciones, IdSensor, fecha, Medida) values (593, 5, '2023-04-21', 26.1);
insert into mediciones (idMediciones, IdSensor, fecha, Medida) values (594, 5, '2022-06-20', 15.9);
insert into mediciones (idMediciones, IdSensor, fecha, Medida) values (595, 5, '2022-09-15', 13.9);
insert into mediciones (idMediciones, IdSensor, fecha, Medida) values (596, 5, '2022-07-15', 29.1);
insert into mediciones (idMediciones, IdSensor, fecha, Medida) values (597, 5, '2022-12-18', 12.6);
insert into mediciones (idMediciones, IdSensor, fecha, Medida) values (598, 5, '2023-05-22', 14.9);
insert into mediciones (idMediciones, IdSensor, fecha, Medida) values (599, 5, '2023-04-12', 16.5);
insert into mediciones (idMediciones, IdSensor, fecha, Medida) values (600, 5, '2022-07-16', 14.9);
insert into mediciones (idMediciones, IdSensor, fecha, Medida) values (601, 5, '2022-07-05', 21.5);
insert into mediciones (idMediciones, IdSensor, fecha, Medida) values (602, 5, '2023-02-05', 11.9);
insert into mediciones (idMediciones, IdSensor, fecha, Medida) values (603, 5, '2022-08-29', 16.3);
insert into mediciones (idMediciones, IdSensor, fecha, Medida) values (604, 5, '2023-02-23', 20.1);
insert into mediciones (idMediciones, IdSensor, fecha, Medida) values (605, 5, '2023-01-17', 22.3);
insert into mediciones (idMediciones, IdSensor, fecha, Medida) values (606, 5, '2022-09-12', 20.5);
insert into mediciones (idMediciones, IdSensor, fecha, Medida) values (607, 5, '2022-09-17', 24.6);
insert into mediciones (idMediciones, IdSensor, fecha, Medida) values (608, 5, '2023-05-28', 17.1);
insert into mediciones (idMediciones, IdSensor, fecha, Medida) values (609, 5, '2022-07-03', 19.4);
insert into mediciones (idMediciones, IdSensor, fecha, Medida) values (610, 5, '2022-10-04', 22.2);
insert into mediciones (idMediciones, IdSensor, fecha, Medida) values (611, 5, '2023-04-23', 15.5);
insert into mediciones (idMediciones, IdSensor, fecha, Medida) values (612, 5, '2023-06-12', 14.8);
insert into mediciones (idMediciones, IdSensor, fecha, Medida) values (613, 5, '2023-03-20', 15.6);
insert into mediciones (idMediciones, IdSensor, fecha, Medida) values (614, 5, '2023-04-23', 27.4);
insert into mediciones (idMediciones, IdSensor, fecha, Medida) values (615, 5, '2022-11-08', 26.3);
insert into mediciones (idMediciones, IdSensor, fecha, Medida) values (616, 5, '2022-08-23', 13.5);
insert into mediciones (idMediciones, IdSensor, fecha, Medida) values (617, 5, '2022-07-16', 12.3);
insert into mediciones (idMediciones, IdSensor, fecha, Medida) values (618, 5, '2023-02-14', 27.0);
insert into mediciones (idMediciones, IdSensor, fecha, Medida) values (619, 5, '2022-07-16', 16.6);
insert into mediciones (idMediciones, IdSensor, fecha, Medida) values (620, 5, '2023-04-01', 29.4);
insert into mediciones (idMediciones, IdSensor, fecha, Medida) values (621, 5, '2023-04-19', 14.5);
insert into mediciones (idMediciones, IdSensor, fecha, Medida) values (622, 5, '2022-12-12', 29.0);
insert into mediciones (idMediciones, IdSensor, fecha, Medida) values (623, 5, '2023-02-21', 21.2);
insert into mediciones (idMediciones, IdSensor, fecha, Medida) values (624, 5, '2022-06-20', 13.1);
insert into mediciones (idMediciones, IdSensor, fecha, Medida) values (625, 5, '2023-03-17', 12.5);
insert into mediciones (idMediciones, IdSensor, fecha, Medida) values (626, 5, '2023-02-22', 10.4);
insert into mediciones (idMediciones, IdSensor, fecha, Medida) values (627, 5, '2023-05-18', 18.9);
insert into mediciones (idMediciones, IdSensor, fecha, Medida) values (628, 5, '2023-03-02', 10.7);
insert into mediciones (idMediciones, IdSensor, fecha, Medida) values (629, 5, '2023-05-04', 25.6);
insert into mediciones (idMediciones, IdSensor, fecha, Medida) values (630, 5, '2023-03-19', 19.6);
insert into mediciones (idMediciones, IdSensor, fecha, Medida) values (631, 5, '2022-07-28', 17.0);
insert into mediciones (idMediciones, IdSensor, fecha, Medida) values (632, 5, '2023-03-13', 11.8);
insert into mediciones (idMediciones, IdSensor, fecha, Medida) values (633, 5, '2023-04-29', 29.5);
insert into mediciones (idMediciones, IdSensor, fecha, Medida) values (634, 5, '2022-12-31', 11.7);
insert into mediciones (idMediciones, IdSensor, fecha, Medida) values (635, 5, '2023-03-20', 14.8);
insert into mediciones (idMediciones, IdSensor, fecha, Medida) values (636, 5, '2023-02-21', 21.8);
insert into mediciones (idMediciones, IdSensor, fecha, Medida) values (637, 5, '2022-12-27', 27.9);
insert into mediciones (idMediciones, IdSensor, fecha, Medida) values (638, 5, '2022-09-16', 11.4);
insert into mediciones (idMediciones, IdSensor, fecha, Medida) values (639, 5, '2023-03-02', 17.0);
insert into mediciones (idMediciones, IdSensor, fecha, Medida) values (640, 5, '2023-05-13', 14.5);
insert into mediciones (idMediciones, IdSensor, fecha, Medida) values (641, 5, '2023-01-02', 29.7);



SET SQL_MODE=@OLD_SQL_MODE;
SET FOREIGN_KEY_CHECKS=@OLD_FOREIGN_KEY_CHECKS;
SET UNIQUE_CHECKS=@OLD_UNIQUE_CHECKS;